-- MySQL dump 10.13  Distrib 5.7.31, for Linux (i686)
--
-- Host: localhost    Database: vk
-- ------------------------------------------------------
-- Server version	5.7.31-0ubuntu0.16.04.1

/*!40101 SET @OLD_CHARACTER_SET_CLIENT=@@CHARACTER_SET_CLIENT */;
/*!40101 SET @OLD_CHARACTER_SET_RESULTS=@@CHARACTER_SET_RESULTS */;
/*!40101 SET @OLD_COLLATION_CONNECTION=@@COLLATION_CONNECTION */;
/*!40101 SET NAMES utf8 */;
/*!40103 SET @OLD_TIME_ZONE=@@TIME_ZONE */;
/*!40103 SET TIME_ZONE='+00:00' */;
/*!40014 SET @OLD_UNIQUE_CHECKS=@@UNIQUE_CHECKS, UNIQUE_CHECKS=0 */;
/*!40014 SET @OLD_FOREIGN_KEY_CHECKS=@@FOREIGN_KEY_CHECKS, FOREIGN_KEY_CHECKS=0 */;
/*!40101 SET @OLD_SQL_MODE=@@SQL_MODE, SQL_MODE='NO_AUTO_VALUE_ON_ZERO' */;
/*!40111 SET @OLD_SQL_NOTES=@@SQL_NOTES, SQL_NOTES=0 */;

--
-- Table structure for table `authors`
--

DROP TABLE IF EXISTS `authors`;
/*!40101 SET @saved_cs_client     = @@character_set_client */;
/*!40101 SET character_set_client = utf8 */;
CREATE TABLE `authors` (
  `id` int(11) NOT NULL AUTO_INCREMENT,
  `first_name` varchar(50) CHARACTER SET utf8 COLLATE utf8_unicode_ci NOT NULL,
  `last_name` varchar(50) CHARACTER SET utf8 COLLATE utf8_unicode_ci NOT NULL,
  `email` varchar(100) CHARACTER SET utf8 COLLATE utf8_unicode_ci NOT NULL,
  `birthdate` date NOT NULL,
  `added` timestamp NOT NULL DEFAULT CURRENT_TIMESTAMP,
  PRIMARY KEY (`id`),
  UNIQUE KEY `email` (`email`)
) ENGINE=InnoDB DEFAULT CHARSET=latin1;
/*!40101 SET character_set_client = @saved_cs_client */;

--
-- Dumping data for table `authors`
--

LOCK TABLES `authors` WRITE;
/*!40000 ALTER TABLE `authors` DISABLE KEYS */;
/*!40000 ALTER TABLE `authors` ENABLE KEYS */;
UNLOCK TABLES;

--
-- Table structure for table `cities`
--

DROP TABLE IF EXISTS `cities`;
/*!40101 SET @saved_cs_client     = @@character_set_client */;
/*!40101 SET character_set_client = utf8 */;
CREATE TABLE `cities` (
  `id` int(10) unsigned NOT NULL AUTO_INCREMENT COMMENT 'Идентификатор строки',
  `name` varchar(100) CHARACTER SET utf8 COLLATE utf8_unicode_ci NOT NULL COMMENT 'Наименование города',
  `country_id` int(11) NOT NULL COMMENT 'Идентификатор страны',
  `created_at` datetime DEFAULT CURRENT_TIMESTAMP COMMENT 'Время создания строки',
  `updated_at` datetime DEFAULT CURRENT_TIMESTAMP ON UPDATE CURRENT_TIMESTAMP COMMENT 'Время обновления строки',
  PRIMARY KEY (`id`),
  UNIQUE KEY `city_name` (`name`)
) ENGINE=InnoDB DEFAULT CHARSET=latin1;
/*!40101 SET character_set_client = @saved_cs_client */;

--
-- Dumping data for table `cities`
--

LOCK TABLES `cities` WRITE;
/*!40000 ALTER TABLE `cities` DISABLE KEYS */;
/*!40000 ALTER TABLE `cities` ENABLE KEYS */;
UNLOCK TABLES;

--
-- Table structure for table `communities`
--

DROP TABLE IF EXISTS `communities`;
/*!40101 SET @saved_cs_client     = @@character_set_client */;
/*!40101 SET character_set_client = utf8 */;
CREATE TABLE `communities` (
  `id` int(10) unsigned NOT NULL AUTO_INCREMENT COMMENT 'Идентификатор сроки',
  `name` varchar(150) COLLATE utf8_unicode_ci NOT NULL COMMENT 'Название группы',
  `created_at` datetime DEFAULT CURRENT_TIMESTAMP COMMENT 'Время создания строки',
  `updated_at` datetime DEFAULT CURRENT_TIMESTAMP ON UPDATE CURRENT_TIMESTAMP COMMENT 'Время обновления строки',
  PRIMARY KEY (`id`),
  UNIQUE KEY `name` (`name`)
) ENGINE=InnoDB AUTO_INCREMENT=101 DEFAULT CHARSET=utf8 COLLATE=utf8_unicode_ci COMMENT='Группы';
/*!40101 SET character_set_client = @saved_cs_client */;

--
-- Dumping data for table `communities`
--

LOCK TABLES `communities` WRITE;
/*!40000 ALTER TABLE `communities` DISABLE KEYS */;
INSERT INTO `communities` VALUES (1,'totam','1993-05-06 02:26:09','1998-08-02 18:35:46'),(2,'accusantium','2004-04-22 10:44:52','2019-05-20 18:47:15'),(3,'facilis','2004-05-17 03:22:50','2012-05-12 09:05:55'),(4,'suscipit','2001-04-06 21:32:56','1998-10-25 10:45:53'),(5,'minus','1995-04-02 11:22:39','2011-06-17 09:56:24'),(6,'qui','1981-04-19 18:25:02','1991-10-22 13:37:50'),(7,'eligendi','1973-10-02 21:52:54','1996-03-31 00:18:24'),(8,'vel','2002-07-09 02:44:48','2013-07-31 01:46:50'),(9,'cupiditate','1973-06-24 06:47:58','2000-01-20 04:52:51'),(10,'at','2002-06-19 03:27:32','1994-02-14 16:45:48'),(11,'corrupti','2001-02-11 13:23:27','2004-05-25 05:41:01'),(12,'a','1981-04-05 08:38:51','1986-12-03 08:46:53'),(13,'alias','1982-02-15 14:10:16','1982-04-07 20:54:40'),(14,'et','2019-04-30 04:16:06','1999-06-16 05:50:43'),(15,'molestiae','2015-12-07 01:50:47','1974-07-08 13:15:14'),(16,'aut','1972-09-15 20:03:12','1980-11-22 17:56:45'),(17,'voluptatem','1988-05-26 07:28:52','1975-11-22 15:05:48'),(18,'aliquam','1998-04-02 14:34:50','1985-02-27 19:40:41'),(19,'velit','1972-12-20 11:39:10','2009-05-06 06:34:04'),(20,'voluptates','1977-04-20 18:59:52','2000-08-27 17:11:17');
/*!40000 ALTER TABLE `communities` ENABLE KEYS */;
UNLOCK TABLES;

--
-- Table structure for table `communities_users`
--

DROP TABLE IF EXISTS `communities_users`;
/*!40101 SET @saved_cs_client     = @@character_set_client */;
/*!40101 SET character_set_client = utf8 */;
CREATE TABLE `communities_users` (
  `community_id` int(10) unsigned NOT NULL COMMENT 'Ссылка на группу',
  `user_id` int(10) unsigned NOT NULL COMMENT 'Ссылка на пользователя',
  `created_at` datetime DEFAULT CURRENT_TIMESTAMP COMMENT 'Время создания строки',
  PRIMARY KEY (`community_id`,`user_id`) COMMENT 'Составной первичный ключ'
) ENGINE=InnoDB DEFAULT CHARSET=utf8 COLLATE=utf8_unicode_ci COMMENT='Участники групп, связь между пользователями и группами';
/*!40101 SET character_set_client = @saved_cs_client */;

--
-- Dumping data for table `communities_users`
--

LOCK TABLES `communities_users` WRITE;
/*!40000 ALTER TABLE `communities_users` DISABLE KEYS */;
INSERT INTO `communities_users` VALUES (1,45,'1988-01-25 11:59:40'),(1,60,'2000-12-25 14:14:29'),(1,73,'2002-05-22 03:20:55'),(1,76,'2019-03-20 04:25:44'),(2,24,'1986-05-08 16:35:49'),(2,41,'2017-01-14 22:05:11'),(2,65,'2018-06-08 12:52:46'),(2,70,'1971-09-02 06:52:30'),(2,86,'1970-09-18 14:10:52'),(2,94,'1982-11-21 11:02:18'),(3,27,'2010-05-25 06:16:56'),(3,48,'1974-08-20 21:46:52'),(3,100,'1984-11-23 22:17:56'),(4,5,'1984-09-06 07:00:45'),(4,7,'1973-02-21 11:24:19'),(4,8,'1996-11-03 13:13:07'),(4,31,'2020-02-21 18:20:34'),(4,44,'1986-02-05 09:24:15'),(5,32,'1977-03-22 11:24:41'),(5,43,'2017-09-11 03:05:04'),(5,53,'1992-04-03 06:22:29'),(5,90,'1976-08-30 23:32:10'),(6,35,'1987-04-17 21:53:09'),(7,2,'1986-10-04 20:47:21'),(7,66,'1973-10-10 09:10:17'),(7,74,'1998-11-01 13:33:13'),(7,91,'1974-01-01 18:17:06'),(8,13,'1973-04-15 06:31:46'),(8,64,'2010-04-26 08:34:12'),(8,67,'2016-09-16 02:09:43'),(8,69,'2001-05-29 06:43:44'),(8,71,'2014-08-26 06:37:40'),(8,75,'1992-03-15 18:49:36'),(8,97,'1987-08-15 05:24:59'),(8,98,'2002-10-09 08:19:27'),(9,12,'2005-06-30 22:15:31'),(9,19,'1982-05-26 09:18:34'),(9,37,'1977-09-23 10:09:44'),(9,39,'1979-01-05 07:49:04'),(9,57,'2016-02-25 17:48:35'),(9,58,'1984-10-17 17:34:59'),(9,87,'2011-03-22 14:58:11'),(10,9,'1988-08-02 14:54:18'),(10,18,'2011-06-01 18:13:18'),(10,29,'2018-06-22 07:13:20'),(10,36,'1983-07-03 06:54:09'),(10,54,'2003-08-26 18:58:08'),(10,82,'2019-12-16 01:34:51'),(11,30,'2012-10-12 00:19:39'),(11,50,'1976-01-26 12:06:23'),(11,52,'1979-05-13 18:36:21'),(11,78,'1994-07-17 13:08:53'),(11,96,'1987-10-18 07:47:47'),(12,6,'1976-01-02 11:39:32'),(12,11,'1985-01-12 16:42:22'),(12,14,'1979-09-11 17:03:00'),(12,25,'1971-05-27 00:18:46'),(12,26,'1978-12-22 06:14:48'),(12,49,'1977-09-26 20:28:27'),(12,61,'2016-10-26 13:07:12'),(12,93,'2007-06-30 03:57:20'),(13,20,'1989-07-16 16:43:10'),(13,23,'2007-03-31 12:50:18'),(13,55,'1972-10-23 02:20:47'),(13,63,'2002-12-17 17:05:45'),(13,72,'2005-06-09 05:19:25'),(13,81,'2015-04-16 09:11:24'),(13,83,'1985-05-06 17:45:58'),(13,85,'1979-09-27 22:56:39'),(13,99,'2000-12-22 20:06:39'),(14,17,'2005-08-21 00:11:12'),(14,22,'2016-08-31 05:51:23'),(14,33,'2008-09-23 11:40:29'),(14,34,'1983-01-06 14:31:34'),(14,42,'1992-05-22 23:36:43'),(14,47,'2008-05-31 15:13:07'),(15,15,'1990-05-05 01:53:30'),(15,38,'2004-11-06 04:09:42'),(15,84,'1993-02-06 06:08:12'),(16,10,'1996-12-09 18:56:46'),(16,46,'1980-08-22 09:20:24'),(16,95,'1981-07-23 03:47:58'),(17,4,'1978-02-28 20:50:10'),(17,51,'2009-06-09 06:45:14'),(17,88,'1991-12-23 23:49:07'),(18,1,'2004-06-25 10:24:25'),(18,40,'1977-03-28 18:20:54'),(18,56,'1994-04-19 11:37:02'),(18,59,'2011-07-14 07:41:31'),(18,62,'2000-04-17 18:58:11'),(18,68,'2008-09-09 23:00:56'),(18,79,'1997-07-12 14:09:27'),(18,80,'1976-07-23 13:34:07'),(19,3,'1991-10-18 09:56:43'),(19,21,'2018-03-25 08:16:04'),(19,77,'1994-08-27 10:01:43'),(19,89,'1979-08-13 04:41:42'),(19,92,'1972-07-29 11:56:27'),(20,16,'2000-10-08 03:26:33'),(20,28,'1983-06-15 01:03:11');
/*!40000 ALTER TABLE `communities_users` ENABLE KEYS */;
UNLOCK TABLES;

--
-- Table structure for table `countries`
--

DROP TABLE IF EXISTS `countries`;
/*!40101 SET @saved_cs_client     = @@character_set_client */;
/*!40101 SET character_set_client = utf8 */;
CREATE TABLE `countries` (
  `id` int(10) unsigned NOT NULL AUTO_INCREMENT COMMENT 'Идентификатор строки',
  `name` varchar(100) CHARACTER SET utf8 COLLATE utf8_unicode_ci NOT NULL COMMENT 'Название государства',
  `created_at` datetime DEFAULT CURRENT_TIMESTAMP COMMENT 'Время создания строки',
  `updated_at` datetime DEFAULT CURRENT_TIMESTAMP ON UPDATE CURRENT_TIMESTAMP COMMENT 'Время обновления строки',
  PRIMARY KEY (`id`),
  UNIQUE KEY `country_name` (`name`)
) ENGINE=InnoDB DEFAULT CHARSET=latin1;
/*!40101 SET character_set_client = @saved_cs_client */;

--
-- Dumping data for table `countries`
--

LOCK TABLES `countries` WRITE;
/*!40000 ALTER TABLE `countries` DISABLE KEYS */;
/*!40000 ALTER TABLE `countries` ENABLE KEYS */;
UNLOCK TABLES;

--
-- Table structure for table `friendship`
--

DROP TABLE IF EXISTS `friendship`;
/*!40101 SET @saved_cs_client     = @@character_set_client */;
/*!40101 SET character_set_client = utf8 */;
CREATE TABLE `friendship` (
  `user_id` int(10) unsigned NOT NULL COMMENT 'Ссылка на инициатора дружеских отношений',
  `friend_id` int(10) unsigned NOT NULL COMMENT 'Ссылка на получателя приглашения дружить',
  `status_id` int(10) unsigned NOT NULL COMMENT 'Ссылка на статус (текущее состояние) отношений',
  `requested_at` datetime DEFAULT CURRENT_TIMESTAMP COMMENT 'Время отправления приглашения дружить',
  `confirmed_at` datetime DEFAULT NULL COMMENT 'Время подтверждения приглашения',
  `created_at` datetime DEFAULT CURRENT_TIMESTAMP COMMENT 'Время создания строки',
  `updated_at` datetime DEFAULT CURRENT_TIMESTAMP ON UPDATE CURRENT_TIMESTAMP COMMENT 'Время обновления строки',
  PRIMARY KEY (`user_id`,`friend_id`) COMMENT 'Составной первичный ключ'
) ENGINE=InnoDB DEFAULT CHARSET=utf8 COLLATE=utf8_unicode_ci COMMENT='Таблица дружбы';
/*!40101 SET character_set_client = @saved_cs_client */;

--
-- Dumping data for table `friendship`
--

LOCK TABLES `friendship` WRITE;
/*!40000 ALTER TABLE `friendship` DISABLE KEYS */;
INSERT INTO `friendship` VALUES (1,307155925,3,'1977-07-03 13:42:06','1974-12-06 15:00:15','1970-05-31 02:35:49','2020-08-26 22:48:43'),(2,409,3,'1995-05-29 23:11:06','1975-08-17 14:01:07','1982-06-09 04:19:28','2020-08-26 22:48:43'),(3,120,1,'1981-03-28 21:03:17','1972-02-06 14:25:21','1994-06-16 18:26:04','2020-08-26 22:48:43'),(4,20548905,2,'1989-11-11 23:16:17','1975-06-13 20:22:13','1995-09-16 15:44:44','2020-08-26 22:48:43'),(5,0,3,'2014-07-10 22:33:09','1982-05-07 11:35:39','2000-09-23 08:32:18','2020-08-26 22:48:43'),(6,57,1,'2006-06-27 04:27:10','1986-04-25 20:10:39','2012-04-02 16:06:08','2020-08-26 22:48:43'),(7,210645547,3,'1992-08-13 14:54:56','2002-01-04 12:02:49','2009-04-14 18:45:31','2020-08-26 22:48:43'),(8,0,1,'1982-06-12 09:38:50','1990-05-31 12:07:35','2007-12-02 16:33:42','2020-08-26 22:48:43'),(9,0,3,'2011-07-15 11:31:46','1979-11-09 23:16:56','1976-02-08 23:52:15','2020-08-26 22:48:43'),(10,1089563,1,'1989-03-30 04:51:28','1994-12-16 19:34:49','2011-03-29 18:48:39','2020-08-26 22:48:43'),(11,446647618,3,'2003-02-17 08:25:07','2002-01-26 04:45:49','1971-06-05 06:52:09','2020-08-26 22:48:43'),(12,33718,1,'1981-04-29 02:52:53','1990-07-22 23:40:45','1985-11-06 15:37:00','2020-08-26 22:48:43'),(13,1501159,3,'1981-03-18 02:50:56','1971-10-24 02:36:19','1981-03-31 02:41:39','2020-08-26 22:48:43'),(14,601869189,3,'2012-02-22 07:05:08','1994-09-19 14:14:32','1995-10-24 23:54:06','2020-08-26 22:48:43'),(15,0,3,'1973-03-07 01:47:36','1978-12-05 04:31:46','1971-09-30 05:57:20','2020-08-26 22:48:43'),(16,0,2,'1997-04-14 04:19:36','1971-09-15 15:59:55','1994-03-28 02:35:16','2020-08-26 22:48:43'),(17,10,1,'1987-10-24 10:33:55','1974-05-13 03:24:49','2004-03-24 10:12:43','2020-08-26 22:48:43'),(18,3,1,'2011-06-20 18:57:29','1978-08-05 17:20:12','1982-10-13 19:56:02','2020-08-26 22:48:43'),(19,42854618,2,'1972-11-07 22:54:17','1994-10-31 05:42:13','2000-05-30 16:17:21','2020-08-26 22:48:43'),(20,178,3,'2012-10-29 18:32:16','2005-02-06 06:39:42','2018-12-05 14:18:29','2020-08-26 22:48:43'),(21,22631217,2,'2012-12-10 20:11:48','1983-06-26 00:47:53','2008-11-29 12:07:07','2020-08-26 22:48:43'),(22,133709513,1,'1979-04-12 03:58:54','1996-01-06 05:53:03','2008-12-13 20:48:49','2020-08-26 22:48:43'),(23,913152057,3,'1976-08-30 11:02:16','2002-06-10 07:14:39','2013-07-16 23:35:11','2020-08-26 22:48:43'),(24,19,2,'1998-04-14 16:26:38','1996-02-27 10:00:21','1983-08-24 02:48:42','2020-08-26 22:48:43'),(25,0,2,'1998-10-09 00:30:41','1976-09-13 12:53:09','1970-07-06 11:01:12','2020-08-26 22:48:43'),(26,199422219,3,'1978-02-10 07:44:23','1982-05-08 06:13:50','2012-07-22 20:27:22','2020-08-26 22:48:43'),(27,9142,1,'2008-04-06 10:46:02','1977-05-24 02:20:56','1996-01-21 03:00:21','2020-08-26 22:48:43'),(28,1,2,'2014-01-03 18:10:52','1995-01-26 21:52:59','1990-05-09 02:16:08','2020-08-26 22:48:43'),(29,30,2,'1990-10-15 06:02:21','1984-05-02 22:37:58','2019-05-17 17:58:13','2020-08-26 22:48:43'),(30,42391,3,'1986-02-14 21:45:32','1978-10-25 13:16:36','1992-05-28 01:35:43','2020-08-26 22:48:43'),(31,1595,3,'1992-10-07 23:45:24','1972-02-17 04:00:57','1975-01-06 10:51:48','2020-08-26 22:48:43'),(32,9,3,'1987-01-31 10:28:26','2006-11-30 05:27:42','1977-04-17 13:12:59','2020-08-26 22:48:43'),(33,330415,2,'2004-08-19 03:32:58','2002-05-05 16:36:17','1996-10-07 02:24:10','2020-08-26 22:48:43'),(34,24894,2,'1988-05-23 01:53:52','1984-12-03 21:38:30','2000-12-05 11:03:36','2020-08-26 22:48:43'),(35,56,1,'2011-08-16 02:51:43','2018-07-20 09:38:51','1970-09-22 06:27:31','2020-08-26 22:48:43'),(36,32075,2,'1971-03-10 05:39:36','2017-03-08 09:35:06','1992-03-18 23:17:10','1989-12-28 22:00:41'),(37,18926587,2,'2018-03-03 04:39:12','1972-06-03 10:35:05','1980-10-05 08:19:17','2020-08-26 22:48:43'),(38,16924,2,'2004-10-06 22:50:37','2009-02-04 17:55:35','1981-12-16 10:02:45','2020-08-26 22:48:43'),(39,14,3,'2000-10-22 03:12:18','1985-05-15 09:00:37','1980-08-21 02:12:05','2020-08-26 22:48:43'),(40,50,2,'1981-06-29 10:14:06','1996-06-10 12:56:02','1988-11-06 02:27:41','2020-08-26 22:48:43'),(41,0,3,'2019-06-07 17:43:09','2016-06-18 06:10:36','1993-12-23 11:00:47','2020-08-26 22:48:43'),(42,36,3,'1990-11-16 17:37:10','1996-10-01 15:01:22','2010-05-20 16:40:00','2020-08-26 22:48:43'),(43,10558211,2,'2015-02-16 14:29:20','2005-09-23 23:34:23','1988-07-12 02:58:41','2020-08-26 22:48:43'),(44,8,3,'2008-05-03 18:22:32','2001-12-27 21:35:50','2010-04-17 06:58:57','2020-08-26 22:48:43'),(45,5351,1,'2018-10-28 16:25:13','2010-06-06 14:24:52','1987-04-22 13:30:12','2020-08-26 22:48:43'),(46,33386541,2,'1986-03-16 21:09:58','2009-01-08 12:00:53','2012-07-03 21:00:44','2020-08-26 22:48:43'),(47,651,1,'1980-10-25 11:28:06','2001-04-11 04:38:00','2017-07-12 21:33:22','2020-08-26 22:48:43'),(48,0,1,'2014-02-07 20:18:26','1999-03-02 10:53:59','1979-07-08 00:33:20','2020-08-26 22:48:43'),(49,6183,3,'1971-04-25 11:25:39','2013-04-30 05:13:54','1987-01-15 03:50:45','2020-08-26 22:48:43'),(50,3365,3,'2014-09-23 18:29:44','1996-05-05 18:32:08','1993-02-05 12:48:37','2020-08-26 22:48:43'),(51,7055,1,'1984-09-02 14:49:26','1989-11-20 06:19:53','1982-02-01 22:05:44','2020-08-26 22:48:43'),(52,34,3,'1974-11-18 18:10:39','1994-11-09 05:54:48','1990-04-23 15:28:48','2020-08-26 22:48:43'),(53,0,3,'2014-09-14 06:38:24','2003-11-22 16:33:21','2012-05-08 04:39:58','2020-08-26 22:48:43'),(54,3473,3,'1971-07-16 18:49:06','2011-12-10 12:58:37','2007-03-03 11:59:32','2020-08-26 22:48:43'),(55,156178370,3,'1971-01-16 23:16:37','1997-02-10 11:28:19','1973-05-08 02:42:19','2020-08-26 22:48:43'),(56,0,3,'1995-10-01 14:08:44','1995-03-26 23:01:51','1979-10-21 19:19:59','2020-08-26 22:48:43'),(57,0,2,'1978-12-29 09:45:10','2012-02-25 04:26:37','1994-05-28 02:14:07','1998-06-13 23:18:32'),(58,22417,1,'1990-10-05 13:52:06','1977-06-08 05:27:19','1971-07-11 13:38:02','2020-08-26 22:48:43'),(59,1,3,'1980-04-11 12:31:02','2008-05-16 21:53:56','1988-10-15 06:08:06','2020-08-26 22:48:43'),(60,513217375,1,'1998-05-13 03:47:10','1992-03-31 09:35:31','1983-09-15 06:43:31','2020-08-26 22:48:43'),(61,93,1,'2019-07-22 08:00:17','2000-04-22 21:16:58','2016-08-11 03:51:10','2020-08-26 22:48:43'),(62,18114,3,'2018-11-02 05:00:56','2017-09-22 19:56:15','2011-04-11 23:40:18','2020-08-26 22:48:43'),(63,5087,2,'1992-06-06 11:35:05','1974-04-14 01:38:22','2005-05-14 04:50:39','2020-08-26 22:48:43'),(64,5924,3,'2018-02-17 07:42:18','2003-08-31 16:09:13','1972-12-06 16:19:17','2020-08-26 22:48:43'),(65,369535520,2,'2009-01-24 22:25:06','1975-12-30 05:57:24','1979-05-04 01:56:26','2020-08-26 22:48:43'),(66,3,2,'2006-11-03 13:48:48','1986-12-04 13:35:25','2000-02-29 03:24:02','2020-08-26 22:48:43'),(67,2,3,'2000-04-27 02:55:16','2008-01-12 09:05:44','2004-01-21 08:05:45','2020-08-26 22:48:43'),(68,25280,2,'1998-07-18 03:40:32','1977-07-04 14:05:45','1976-10-30 01:37:43','2020-08-26 22:48:43'),(69,57637636,2,'2015-07-07 18:35:25','2013-12-30 15:55:49','2009-12-22 18:50:33','2020-08-26 22:48:43'),(70,233,3,'1998-09-20 15:33:36','1986-11-20 16:00:08','2011-01-30 09:28:51','2020-08-26 22:48:43'),(71,2,2,'1982-05-01 16:14:07','1989-03-14 21:52:32','2007-03-31 20:32:36','2020-08-26 22:48:43'),(72,28517,2,'1997-11-23 03:55:09','2020-04-24 19:55:38','1997-11-12 05:46:37','2020-08-26 22:48:43'),(73,36525,2,'1974-06-13 15:00:37','2018-09-24 16:11:55','2018-05-19 22:12:18','2020-08-26 22:48:43'),(74,44,3,'1972-09-29 01:41:47','2008-04-26 13:32:13','2017-03-24 17:58:17','2020-08-26 22:48:43'),(75,4945,2,'2008-10-23 05:58:15','1988-05-07 04:26:50','1980-07-18 00:37:49','2020-08-26 22:48:43'),(76,79,1,'1975-01-04 13:31:18','1983-04-20 07:38:19','1975-05-06 08:57:38','2020-08-26 22:48:43'),(77,3635065,3,'1978-12-29 20:10:12','2015-12-31 05:27:58','1970-12-27 10:12:04','2020-08-26 22:48:43'),(78,5090,3,'2005-03-23 16:14:06','1985-06-12 18:33:48','2003-11-11 11:12:59','2020-08-26 22:48:43'),(79,36556339,2,'2006-05-22 09:02:13','1987-07-18 11:53:53','1972-03-30 10:19:56','2020-08-26 22:48:43'),(80,0,3,'1970-07-15 07:39:16','2016-07-07 13:14:54','2011-12-06 08:27:50','2020-08-26 22:48:43'),(81,61446,3,'1990-04-06 11:27:08','2016-11-29 10:09:04','2006-10-10 10:40:43','2020-08-26 22:48:43'),(82,16750,2,'1976-08-26 01:18:41','2002-03-08 06:59:01','1973-05-07 15:07:52','2020-08-26 22:48:43'),(83,100935,3,'2017-06-28 15:35:50','1977-11-24 23:15:22','2009-10-31 10:58:29','2020-08-26 22:48:43'),(84,2896959,2,'2018-04-07 18:33:32','1984-10-10 11:08:10','2000-11-15 10:46:48','2020-08-26 22:48:43'),(85,0,2,'1987-01-21 18:40:39','1975-02-25 00:25:13','2001-11-15 15:26:45','2020-08-26 22:48:43'),(86,211426,1,'1975-07-12 16:38:41','2000-07-03 11:30:43','2013-04-27 06:33:52','2020-08-26 22:48:43'),(87,0,3,'1972-04-20 05:36:08','2010-09-17 15:06:01','2002-05-31 08:17:13','2020-08-26 22:48:43'),(88,1160,1,'1978-04-22 09:13:37','1994-01-07 08:31:17','1988-08-14 05:20:22','2020-08-26 22:48:43'),(89,716,2,'2004-05-07 10:23:49','1979-05-28 16:01:53','1991-08-12 01:59:16','2020-08-26 22:48:43'),(90,313,2,'2006-09-20 01:56:02','1984-01-16 05:34:13','1997-07-28 18:46:00','2020-08-26 22:48:43'),(91,1,2,'1982-09-12 02:24:08','1989-07-29 03:36:54','2013-07-23 01:01:18','2020-08-26 22:48:43'),(92,129446463,1,'1970-01-04 18:17:32','2000-07-18 15:48:06','2005-09-01 09:13:08','2020-08-26 22:48:43'),(93,115815,1,'2014-06-09 17:40:10','2020-06-20 01:54:22','1977-10-25 20:38:17','1993-11-19 14:14:56'),(94,7023911,2,'2004-10-09 00:05:46','2015-07-21 12:45:35','1975-01-04 13:12:33','2020-08-26 22:48:43'),(95,20,2,'2019-03-07 06:15:15','2001-04-17 22:48:22','1973-10-19 06:04:26','2020-08-26 22:48:43'),(96,1,3,'2008-06-20 00:21:51','1998-11-15 00:24:55','2012-12-03 05:29:19','2020-08-26 22:48:43'),(97,0,3,'1987-08-28 17:01:03','1988-11-28 16:22:13','1994-04-06 20:15:32','2020-08-26 22:48:43'),(98,198,2,'1976-06-02 14:40:08','1981-02-13 03:35:50','2018-08-23 17:42:39','2020-08-26 22:48:43'),(99,8665843,3,'2004-10-13 21:16:39','1995-11-26 04:57:31','1997-02-13 02:14:04','2020-08-26 22:48:43'),(100,745,2,'1976-12-27 17:57:42','2016-11-11 12:56:56','1983-03-15 01:36:00','2020-08-26 22:48:43');
/*!40000 ALTER TABLE `friendship` ENABLE KEYS */;
UNLOCK TABLES;

--
-- Table structure for table `friendship_statuses`
--

DROP TABLE IF EXISTS `friendship_statuses`;
/*!40101 SET @saved_cs_client     = @@character_set_client */;
/*!40101 SET character_set_client = utf8 */;
CREATE TABLE `friendship_statuses` (
  `id` int(10) unsigned NOT NULL AUTO_INCREMENT COMMENT 'Идентификатор строки',
  `name` varchar(150) COLLATE utf8_unicode_ci NOT NULL COMMENT 'Название статуса',
  `created_at` datetime DEFAULT CURRENT_TIMESTAMP COMMENT 'Время создания строки',
  `updated_at` datetime DEFAULT CURRENT_TIMESTAMP ON UPDATE CURRENT_TIMESTAMP COMMENT 'Время обновления строки',
  PRIMARY KEY (`id`),
  UNIQUE KEY `name` (`name`)
) ENGINE=InnoDB AUTO_INCREMENT=4 DEFAULT CHARSET=utf8 COLLATE=utf8_unicode_ci COMMENT='Статусы дружбы';
/*!40101 SET character_set_client = @saved_cs_client */;

--
-- Dumping data for table `friendship_statuses`
--

LOCK TABLES `friendship_statuses` WRITE;
/*!40000 ALTER TABLE `friendship_statuses` DISABLE KEYS */;
INSERT INTO `friendship_statuses` VALUES (1,'Requested','2020-08-26 22:48:34','2020-08-26 22:48:34'),(2,'Confirmed','2020-08-26 22:48:34','2020-08-26 22:48:34'),(3,'Rejected','2020-08-26 22:48:34','2020-08-26 22:48:34');
/*!40000 ALTER TABLE `friendship_statuses` ENABLE KEYS */;
UNLOCK TABLES;

--
-- Table structure for table `media`
--

DROP TABLE IF EXISTS `media`;
/*!40101 SET @saved_cs_client     = @@character_set_client */;
/*!40101 SET character_set_client = utf8 */;
CREATE TABLE `media` (
  `id` int(10) unsigned NOT NULL AUTO_INCREMENT COMMENT 'Идентификатор строки',
  `user_id` int(10) unsigned NOT NULL COMMENT 'Ссылка на пользователя, который загрузил файл',
  `filename` varchar(255) COLLATE utf8_unicode_ci NOT NULL COMMENT 'Путь к файлу',
  `size` int(11) NOT NULL COMMENT 'Размер файла',
  `metadata` json DEFAULT NULL,
  `media_type_id` int(10) unsigned NOT NULL COMMENT 'Ссылка на тип контента',
  `created_at` datetime DEFAULT CURRENT_TIMESTAMP COMMENT 'Время создания строки',
  `updated_at` datetime DEFAULT CURRENT_TIMESTAMP ON UPDATE CURRENT_TIMESTAMP COMMENT 'Время обновления строки',
  PRIMARY KEY (`id`)
) ENGINE=InnoDB AUTO_INCREMENT=101 DEFAULT CHARSET=utf8 COLLATE=utf8_unicode_ci COMMENT='Медиафайлы';
/*!40101 SET character_set_client = @saved_cs_client */;

--
-- Dumping data for table `media`
--

LOCK TABLES `media` WRITE;
/*!40000 ALTER TABLE `media` DISABLE KEYS */;
INSERT INTO `media` VALUES (1,36,'porroKoelpin.avi',68150616,'{\"owner\": \"Madison Goyette\"}',3,'2002-04-10 23:20:30','2020-08-26 22:47:02'),(2,3,'quasKulas.mpeg',202673,'{\"owner\": \"Marcia Spinka\"}',3,'1987-09-26 09:43:40','2020-08-26 22:47:02'),(3,7,'sedJerde.jpeg',7463,'{\"owner\": \"Dariana Heathcote\"}',2,'1982-03-24 03:17:22','2020-08-26 22:47:02'),(4,24,'etMayert.png',98874799,'{\"owner\": \"Wyman Homenick\"}',3,'1985-11-02 18:15:51','2020-08-26 22:47:02'),(5,97,'modiMarvin.avi',88765,'{\"owner\": \"Gino Stiedemann\"}',2,'1971-06-03 02:59:28','2020-08-26 22:47:02'),(6,16,'impeditWyman.avi',825805,'{\"owner\": \"Adah Streich\"}',1,'1996-01-27 11:58:24','2020-08-26 22:47:02'),(7,86,'sintTorphy.jpeg',852732,'{\"owner\": \"Amiya Marvin\"}',2,'2015-07-06 10:00:36','2020-08-26 22:47:02'),(8,83,'animiGutkowski.jpeg',776246,'{\"owner\": \"Jamison Gulgowski\"}',1,'2016-03-15 13:39:17','2020-08-26 22:47:02'),(9,58,'fugitStiedemann.png',313034,'{\"owner\": \"Tomasa Lang\"}',2,'1972-01-19 02:48:18','2020-08-26 22:47:02'),(10,39,'impeditHoeger.mpeg',41773,'{\"owner\": \"Elton Padberg\"}',2,'2003-04-21 18:15:18','2020-08-26 22:47:02'),(11,22,'sitSauer.png',5931,'{\"owner\": \"Austyn Ferry\"}',3,'2001-12-18 16:54:31','2020-08-26 22:47:02'),(12,89,'pariaturVolkman.jpeg',5205413,'{\"owner\": \"Zena Gerhold\"}',2,'2018-09-13 22:07:15','2020-08-26 22:47:02'),(13,82,'repellendusCormier.png',226430,'{\"owner\": \"Alberta Cassin\"}',2,'1992-12-09 08:14:29','2020-08-26 22:47:02'),(14,41,'inciduntSchmidt.avi',3531976,'{\"owner\": \"Hershel Kulas\"}',2,'1977-11-27 05:02:19','2020-08-26 22:47:02'),(15,57,'quisAbshire.png',5005,'{\"owner\": \"Arianna Bosco\"}',2,'2007-07-30 01:35:46','2020-08-26 22:47:02'),(16,64,'pariaturSchumm.jpeg',8392,'{\"owner\": \"Era Larson\"}',2,'1988-01-17 01:21:28','2020-08-26 22:47:02'),(17,47,'laudantiumLang.jpeg',183051,'{\"owner\": \"Laney Wolf\"}',1,'2007-02-12 15:51:09','2020-08-26 22:47:02'),(18,41,'nihilPaucek.mpeg',225965,'{\"owner\": \"Hershel Kulas\"}',2,'2004-03-05 10:57:40','2020-08-26 22:47:02'),(19,67,'consequaturMurphy.avi',6437,'{\"owner\": \"Marisol Torp\"}',3,'1988-11-24 00:26:51','2020-08-26 22:47:02'),(20,9,'quasiFerry.jpeg',76135084,'{\"owner\": \"Alda Hackett\"}',2,'2018-05-08 05:22:33','2020-08-26 22:47:02'),(21,43,'natusAbshire.mpeg',570674,'{\"owner\": \"Matteo Gutkowski\"}',1,'1981-07-18 19:00:59','2020-08-26 22:47:02'),(22,88,'necessitatibusMayert.mpeg',153209030,'{\"owner\": \"Angus Tremblay\"}',3,'1971-12-28 12:34:26','2020-08-26 22:47:02'),(23,13,'quisKulas.jpeg',9134,'{\"owner\": \"Alicia Greenfelder\"}',3,'2017-10-05 11:31:35','2020-08-26 22:47:02'),(24,97,'officiaHermann.mpeg',24894,'{\"owner\": \"Gino Stiedemann\"}',1,'2013-04-30 04:29:43','2020-08-26 22:47:02'),(25,46,'maximeSchinner.mpeg',165473,'{\"owner\": \"Raven Macejkovic\"}',2,'1985-05-12 22:00:56','2020-08-26 22:47:02'),(26,41,'inMacejkovic.jpeg',105346,'{\"owner\": \"Hershel Kulas\"}',3,'1984-05-13 13:00:50','2020-08-26 22:47:02'),(27,66,'officiisSchaden.avi',20311,'{\"owner\": \"Giovanna Jerde\"}',3,'1988-03-13 09:31:54','2020-08-26 22:47:02'),(28,7,'quosHettinger.avi',775516,'{\"owner\": \"Dariana Heathcote\"}',2,'1979-09-23 23:31:01','2020-08-26 22:47:02'),(29,34,'eumKulas.jpeg',25138481,'{\"owner\": \"Nathaniel Streich\"}',3,'1979-08-29 02:09:42','2020-08-26 22:47:02'),(30,50,'etMarvin.jpeg',781646033,'{\"owner\": \"Edgardo Baumbach\"}',3,'1991-03-15 18:49:15','2020-08-26 22:47:02'),(31,46,'quosSpinka.mpeg',702209020,'{\"owner\": \"Raven Macejkovic\"}',1,'1991-07-08 05:49:03','2020-08-26 22:47:02'),(32,80,'quaeSauer.avi',652086,'{\"owner\": \"Emmanuelle Murphy\"}',3,'2000-01-07 00:24:58','2020-08-26 22:47:02'),(33,62,'culpaTremblay.jpeg',806649,'{\"owner\": \"Harley Dibbert\"}',3,'2009-08-23 15:52:30','2020-08-26 22:47:02'),(34,68,'nonRunte.avi',696698,'{\"owner\": \"Sedrick Mante\"}',3,'2014-01-21 21:42:32','2020-08-26 22:47:02'),(35,53,'illoRussel.avi',53541,'{\"owner\": \"Winston Hermann\"}',1,'1986-05-26 19:41:09','2020-08-26 22:47:02'),(36,60,'ducimusJerde.png',167615,'{\"owner\": \"Kristian Hoeger\"}',3,'1976-10-31 13:32:51','2020-08-26 22:47:02'),(37,43,'evenietGulgowski.mpeg',92521,'{\"owner\": \"Matteo Gutkowski\"}',2,'1981-07-13 09:31:16','2020-08-26 22:47:02'),(38,35,'sequiMacejkovic.avi',7918,'{\"owner\": \"Alvena Batz\"}',2,'2009-07-20 13:03:16','2020-08-26 22:47:02'),(39,42,'nullaTorp.jpeg',786525,'{\"owner\": \"Kathryn Volkman\"}',2,'2012-03-26 12:01:10','2020-08-26 22:47:02'),(40,8,'pariaturSpinka.png',667451,'{\"owner\": \"Jayda Stoltenberg\"}',3,'2003-03-11 23:02:47','2020-08-26 22:47:02'),(41,11,'natusGreenfelder.avi',99149145,'{\"owner\": \"Jovany Luettgen\"}',3,'1977-03-25 02:18:02','2020-08-26 22:47:02'),(42,29,'illumCormier.png',97364,'{\"owner\": \"Reggie Stiedemann\"}',3,'2015-08-28 14:20:29','2020-08-26 22:47:02'),(43,15,'assumendaGulgowski.jpeg',8374344,'{\"owner\": \"Glennie Wyman\"}',2,'2017-01-08 07:29:41','2020-08-26 22:47:02'),(44,85,'consequaturStamm.mpeg',824410,'{\"owner\": \"Janick Schaden\"}',1,'2000-03-16 21:08:14','2020-08-26 22:47:02'),(45,81,'ducimusWolff.avi',109697,'{\"owner\": \"Damian Botsford\"}',2,'1986-02-01 14:47:30','2020-08-26 22:47:02'),(46,51,'temporeTrantow.png',68206,'{\"owner\": \"Aletha Trantow\"}',1,'1986-08-31 10:43:14','2020-08-26 22:47:02'),(47,10,'namGreenfelder.jpeg',7593897,'{\"owner\": \"Orie Schumm\"}',2,'1986-11-06 19:41:56','2020-08-26 22:47:02'),(48,97,'fugitBosco.png',65257,'{\"owner\": \"Gino Stiedemann\"}',1,'1993-11-26 14:18:06','2020-08-26 22:47:02'),(49,56,'suntFerry.avi',987195,'{\"owner\": \"Damion Schmidt\"}',2,'2014-06-13 00:17:13','2020-08-26 22:47:02'),(50,86,'quidemTorp.avi',730205,'{\"owner\": \"Amiya Marvin\"}',2,'1989-09-25 12:54:40','2020-08-26 22:47:02'),(51,62,'enimWolff.jpeg',679440,'{\"owner\": \"Harley Dibbert\"}',2,'1977-09-14 10:24:51','2020-08-26 22:47:02'),(52,54,'nequeBogan.png',9468,'{\"owner\": \"Sammie Upton\"}',1,'1998-11-22 20:48:22','2020-08-26 22:47:02'),(53,81,'nonMcKenzie.avi',196583,'{\"owner\": \"Damian Botsford\"}',1,'2020-01-26 16:32:28','2020-08-26 22:47:02'),(54,44,'earumMcKenzie.mpeg',934599,'{\"owner\": \"Neoma Wolff\"}',3,'2004-07-09 15:24:32','2020-08-26 22:47:02'),(55,76,'doloresGulgowski.jpeg',73245,'{\"owner\": \"Jeremy Roob\"}',3,'2006-05-06 16:34:18','2020-08-26 22:47:02'),(56,47,'consequaturAbbott.avi',737578,'{\"owner\": \"Laney Wolf\"}',2,'1979-05-05 23:39:46','2020-08-26 22:47:02'),(57,6,'excepturiStiedemann.avi',328182429,'{\"owner\": \"Charity Torp\"}',3,'2019-12-01 14:34:37','2020-08-26 22:47:02'),(58,88,'aperiamTorphy.jpeg',499416,'{\"owner\": \"Angus Tremblay\"}',2,'1971-04-21 16:28:15','2020-08-26 22:47:02'),(59,24,'corporisCorkery.png',39456,'{\"owner\": \"Wyman Homenick\"}',3,'1988-05-27 14:54:51','2020-08-26 22:47:02'),(60,54,'esseSchinner.jpeg',552428,'{\"owner\": \"Sammie Upton\"}',3,'2004-09-15 05:26:10','2020-08-26 22:47:02'),(61,98,'inMante.avi',532405,'{\"owner\": \"Ibrahim Bartell\"}',3,'1996-11-21 16:21:30','2020-08-26 22:47:02'),(62,29,'doloresJerde.mpeg',43456173,'{\"owner\": \"Reggie Stiedemann\"}',2,'1996-05-09 02:28:34','2020-08-26 22:47:02'),(63,49,'inciduntBatz.png',29446482,'{\"owner\": \"Germaine Gleason\"}',1,'1996-10-28 11:50:29','2020-08-26 22:47:02'),(64,56,'quodFay.avi',529656,'{\"owner\": \"Damion Schmidt\"}',3,'2007-11-20 07:43:20','2020-08-26 22:47:02'),(65,33,'nihilTorp.png',8204,'{\"owner\": \"Jarod Hettinger\"}',2,'1970-04-16 12:20:00','2020-08-26 22:47:02'),(66,96,'assumendaGreenfelder.avi',461827,'{\"owner\": \"Green Gutmann\"}',2,'2018-04-08 05:34:52','2020-08-26 22:47:02'),(67,81,'voluptatemRuecker.mpeg',434008094,'{\"owner\": \"Damian Botsford\"}',1,'1991-05-17 13:20:19','2020-08-26 22:47:02'),(68,18,'expeditaCormier.png',68485,'{\"owner\": \"Alice Cormier\"}',3,'1970-03-17 11:35:58','2020-08-26 22:47:02'),(69,44,'providentDibbert.avi',1011,'{\"owner\": \"Neoma Wolff\"}',3,'2000-07-14 03:41:38','2020-08-26 22:47:02'),(70,68,'sitStreich.jpeg',994743,'{\"owner\": \"Sedrick Mante\"}',2,'1983-08-07 04:48:19','2020-08-26 22:47:02'),(71,6,'eosSchmitt.jpeg',842768,'{\"owner\": \"Charity Torp\"}',2,'1981-10-01 01:37:58','2020-08-26 22:47:02'),(72,27,'veroWaters.png',1605,'{\"owner\": \"Adriana Torphy\"}',3,'2012-07-12 04:40:05','2020-08-26 22:47:02'),(73,14,'veroTrantow.png',77368456,'{\"owner\": \"Modesta Marvin\"}',1,'2008-12-25 01:18:01','2020-08-26 22:47:02'),(74,90,'autConsidine.avi',143132,'{\"owner\": \"Yoshiko Russel\"}',1,'1986-05-13 13:03:36','2020-08-26 22:47:02'),(75,9,'voluptatesFerry.mpeg',526937889,'{\"owner\": \"Alda Hackett\"}',1,'1984-05-11 11:26:56','2020-08-26 22:47:02'),(76,72,'aliquidHoeger.png',161692458,'{\"owner\": \"Kade Gulgowski\"}',3,'1990-01-20 21:39:30','2020-08-26 22:47:02'),(77,32,'veroGutkowski.png',686279,'{\"owner\": \"Jesse Paucek\"}',1,'2005-05-07 14:55:37','2020-08-26 22:47:02'),(78,44,'autemUpton.avi',328534,'{\"owner\": \"Neoma Wolff\"}',1,'1996-10-19 20:36:46','2020-08-26 22:47:02'),(79,24,'itaqueBosco.jpeg',99154,'{\"owner\": \"Wyman Homenick\"}',1,'2001-01-05 04:23:28','2020-08-26 22:47:02'),(80,88,'eligendiArmstrong.png',57410,'{\"owner\": \"Angus Tremblay\"}',1,'1973-12-07 18:02:02','2020-08-26 22:47:02'),(81,68,'aStiedemann.png',366499,'{\"owner\": \"Sedrick Mante\"}',1,'2008-04-22 11:01:59','2020-08-26 22:47:02'),(82,77,'eosStiedemann.avi',838269,'{\"owner\": \"Titus Ruecker\"}',3,'1988-08-16 09:28:49','2020-08-26 22:47:02'),(83,78,'eumCassin.mpeg',3047,'{\"owner\": \"Audie Abshire\"}',1,'2018-05-03 23:42:35','2020-08-26 22:47:02'),(84,60,'omnisHermann.avi',5219530,'{\"owner\": \"Kristian Hoeger\"}',1,'2002-04-11 18:33:29','2020-08-26 22:47:02'),(85,63,'quodGutmann.png',645113682,'{\"owner\": \"Effie Wehner\"}',1,'1985-03-31 06:23:04','2020-08-26 22:47:02'),(86,36,'itaqueMante.mpeg',78698,'{\"owner\": \"Madison Goyette\"}',1,'1970-12-16 11:08:23','2020-08-26 22:47:02'),(87,92,'modiSchinner.mpeg',81847,'{\"owner\": \"Cristian Waters\"}',1,'1998-01-26 03:31:35','2020-08-26 22:47:02'),(88,49,'quiMurphy.avi',451792,'{\"owner\": \"Germaine Gleason\"}',2,'1984-09-05 19:20:02','2020-08-26 22:47:02'),(89,69,'hicMayert.avi',884431,'{\"owner\": \"Claire Mayert\"}',3,'2005-06-21 00:06:17','2020-08-26 22:47:02'),(90,100,'aspernaturSpinka.jpeg',19241,'{\"owner\": \"Orpha Runte\"}',2,'1991-03-05 21:15:32','2020-08-26 22:47:02'),(91,91,'voluptatemStiedemann.jpeg',166612,'{\"owner\": \"Karlie Kessler\"}',3,'2007-11-28 00:38:34','2020-08-26 22:47:02'),(92,54,'etMarvin.avi',65793,'{\"owner\": \"Sammie Upton\"}',3,'2009-08-14 15:45:22','2020-08-26 22:47:02'),(93,96,'architectoDibbert.jpeg',98805,'{\"owner\": \"Green Gutmann\"}',3,'1977-04-27 17:41:34','2020-08-26 22:47:02'),(94,18,'doloremLuettgen.png',459209914,'{\"owner\": \"Alice Cormier\"}',1,'2018-11-11 19:03:06','2020-08-26 22:47:02'),(95,3,'etStreich.png',2406,'{\"owner\": \"Marcia Spinka\"}',2,'1999-11-05 06:05:28','2020-08-26 22:47:02'),(96,58,'maioresHaag.png',810447,'{\"owner\": \"Tomasa Lang\"}',3,'2018-11-28 21:37:46','2020-08-26 22:47:02'),(97,81,'temporeFay.jpeg',169766,'{\"owner\": \"Damian Botsford\"}',3,'2000-08-20 16:10:54','2020-08-26 22:47:02'),(98,32,'idSauer.mpeg',99183,'{\"owner\": \"Jesse Paucek\"}',3,'2001-05-19 15:44:55','2020-08-26 22:47:02'),(99,15,'fugitGutkowski.jpeg',338997,'{\"owner\": \"Glennie Wyman\"}',2,'1983-05-28 04:30:10','2020-08-26 22:47:02'),(100,79,'corporisPaucek.avi',175685,'{\"owner\": \"Carlie Schowalter\"}',3,'1984-09-30 11:34:09','2020-08-26 22:47:02');
/*!40000 ALTER TABLE `media` ENABLE KEYS */;
UNLOCK TABLES;

--
-- Table structure for table `media_types`
--

DROP TABLE IF EXISTS `media_types`;
/*!40101 SET @saved_cs_client     = @@character_set_client */;
/*!40101 SET character_set_client = utf8 */;
CREATE TABLE `media_types` (
  `id` int(10) unsigned NOT NULL AUTO_INCREMENT COMMENT 'Идентификатор строки',
  `name` varchar(255) COLLATE utf8_unicode_ci NOT NULL COMMENT 'Название типа',
  `created_at` datetime DEFAULT CURRENT_TIMESTAMP COMMENT 'Время создания строки',
  `updated_at` datetime DEFAULT CURRENT_TIMESTAMP ON UPDATE CURRENT_TIMESTAMP COMMENT 'Время обновления строки',
  PRIMARY KEY (`id`),
  UNIQUE KEY `name` (`name`)
) ENGINE=InnoDB DEFAULT CHARSET=utf8 COLLATE=utf8_unicode_ci COMMENT='Типы медиафайлов';
/*!40101 SET character_set_client = @saved_cs_client */;

--
-- Dumping data for table `media_types`
--

LOCK TABLES `media_types` WRITE;
/*!40000 ALTER TABLE `media_types` DISABLE KEYS */;
/*!40000 ALTER TABLE `media_types` ENABLE KEYS */;
UNLOCK TABLES;

--
-- Table structure for table `messages`
--

DROP TABLE IF EXISTS `messages`;
/*!40101 SET @saved_cs_client     = @@character_set_client */;
/*!40101 SET character_set_client = utf8 */;
CREATE TABLE `messages` (
  `id` int(10) unsigned NOT NULL AUTO_INCREMENT COMMENT 'Идентификатор строки',
  `from_user_id` int(10) unsigned NOT NULL COMMENT 'Ссылка на отправителя сообщения',
  `to_user_id` int(10) unsigned NOT NULL COMMENT 'Ссылка на получателя сообщения',
  `body` text COLLATE utf8_unicode_ci NOT NULL COMMENT 'Текст сообщения',
  `is_important` tinyint(1) DEFAULT NULL COMMENT 'Признак важности',
  `is_delivered` tinyint(1) DEFAULT NULL COMMENT 'Признак доставки',
  `created_at` datetime DEFAULT CURRENT_TIMESTAMP COMMENT 'Время создания строки',
  `updated_at` datetime DEFAULT CURRENT_TIMESTAMP ON UPDATE CURRENT_TIMESTAMP COMMENT 'Время обновления строки',
  PRIMARY KEY (`id`)
) ENGINE=InnoDB AUTO_INCREMENT=101 DEFAULT CHARSET=utf8 COLLATE=utf8_unicode_ci COMMENT='Сообщения';
/*!40101 SET character_set_client = @saved_cs_client */;

--
-- Dumping data for table `messages`
--

LOCK TABLES `messages` WRITE;
/*!40000 ALTER TABLE `messages` DISABLE KEYS */;
INSERT INTO `messages` VALUES (1,67,86,'Est nulla aut sequi placeat quis quasi. Sit qui molestiae molestias delectus iure qui excepturi. Tempora ut numquam eligendi. Rerum quasi recusandae in eum voluptate.',1,1,'1990-05-03 03:10:05','2020-08-26 22:43:53'),(2,29,85,'Quibusdam ut quod suscipit rem voluptates et. Facere adipisci culpa expedita ad quis. Iure sed iste quam consectetur enim rerum laborum. Iure qui nisi alias nihil qui qui.',0,0,'1993-09-12 10:12:41','2020-08-26 22:43:53'),(3,38,35,'Sit voluptas ipsum rerum voluptatem laboriosam. Dolorum dolorem minus voluptatem et. Voluptas illum sunt itaque amet earum aliquid. Voluptatem sed voluptatem aliquam recusandae quidem fugit sunt.',0,1,'1978-12-15 20:06:38','2020-08-26 22:43:53'),(4,59,88,'Magnam voluptas nesciunt temporibus quaerat modi ut tempora. Sunt consequatur enim quis accusamus. Aut inventore enim at at totam autem.',1,1,'2000-09-06 11:09:16','2020-08-26 22:43:53'),(5,66,65,'Nesciunt consequatur unde ab veniam libero et. Cum eum culpa dolore aliquid et sequi. Expedita maiores consequatur quia qui eius.',1,0,'2017-08-18 07:04:18','2020-08-26 22:43:53'),(6,25,29,'Nostrum neque ut illo illo. Sit recusandae quos repudiandae doloremque. Sed consequuntur quia voluptatem corporis nemo vel dolorum. Non similique quo sit voluptas.',1,1,'2004-07-06 15:04:44','2020-08-26 22:43:53'),(7,69,59,'Ducimus et sit vel assumenda. Minima quidem qui quia. Ipsam vel similique sunt inventore voluptas quos at dignissimos.',0,1,'1999-04-13 10:18:01','2020-08-26 22:43:53'),(8,86,53,'Adipisci veniam modi labore amet hic a. In perferendis autem aspernatur magnam non. Rerum corrupti harum et quos enim ducimus. Libero consequatur ut explicabo rem.',1,0,'1977-09-11 04:40:25','2020-08-26 22:43:53'),(9,8,78,'Pariatur sed doloremque sint minima omnis voluptas. Delectus enim distinctio aliquam quos officia. Doloremque vel quis tempore esse.',0,0,'1986-11-04 06:49:48','2020-08-26 22:43:53'),(10,66,95,'Facere et sed et est possimus voluptates animi. Et amet sed ut sit sed. Eos sint incidunt at qui. Commodi deserunt dolor enim sapiente ut nihil.',0,0,'1980-09-09 18:06:49','2020-08-26 22:43:53'),(11,77,1,'Vel quis voluptatem qui. Vel qui eligendi molestiae error atque dignissimos nemo. Repellat veniam voluptatem et et. Quia dolores quia quod ut voluptatem aut. Distinctio repudiandae architecto iusto doloribus fugiat qui.',1,0,'1995-06-09 00:18:59','2020-08-26 22:43:53'),(12,74,64,'Accusamus excepturi ipsum quis magnam. Vitae at et sequi atque asperiores temporibus quasi aspernatur. Sed voluptas placeat quasi vel dolor.',0,0,'2009-12-10 11:59:39','2020-08-26 22:43:53'),(13,98,97,'Voluptatem sunt repudiandae facere quam. Repellendus et explicabo incidunt enim voluptatem nihil labore velit. Aliquam nulla qui quia.',1,1,'1985-08-16 06:47:51','2020-08-26 22:43:53'),(14,91,63,'Dolor laudantium voluptas aut vero doloribus laboriosam est. Vel perspiciatis excepturi perspiciatis quibusdam voluptatem. Quibusdam mollitia cupiditate similique magni dolorum et laudantium. Maxime vel placeat veritatis quia nostrum.',1,1,'1995-01-08 21:41:39','2020-08-26 22:43:53'),(15,40,13,'Qui impedit in ex dolorem ea dolorem dolorum similique. Doloremque itaque est facere veniam. Est et quia doloremque numquam.',1,1,'1970-07-22 13:27:05','2020-08-26 22:43:53'),(16,44,81,'Voluptatem soluta minus alias voluptas cupiditate consectetur esse. Incidunt officiis nihil aspernatur dolorum. Aut tempore inventore illo non accusantium ut. Maiores assumenda quasi ut quis.',0,1,'1980-08-13 18:23:24','2020-08-26 22:43:53'),(17,74,23,'Sequi est sed placeat veniam nam est. Qui est tenetur consequuntur quis voluptates. Tenetur corporis accusantium est a cupiditate quibusdam dolores laborum. Dolores aliquid eligendi atque sint possimus sit dolorem quo.',0,1,'2015-05-28 13:51:50','2020-08-26 22:43:53'),(18,95,3,'Ex quia similique ratione sit dolor asperiores. Non atque dolor animi quod rerum in qui. Voluptas aut dignissimos hic sunt maxime. Facere ad culpa soluta molestias adipisci veniam tenetur corporis. Est magni sed facilis.',1,0,'1989-02-07 10:07:58','2020-08-26 22:43:53'),(19,31,47,'Qui repudiandae iusto aut aperiam repellendus. Rerum autem at officiis dolorem vel. Qui eius incidunt laudantium nihil. Quos incidunt dolor nostrum voluptatem.',0,1,'2019-09-24 00:51:52','2020-08-26 22:43:53'),(20,39,56,'Nesciunt ad non culpa. Molestiae cupiditate iure et nobis consectetur esse repellat. Neque quia molestiae vitae harum quibusdam similique.',0,1,'1978-02-02 00:06:47','2020-08-26 22:43:53'),(21,63,45,'Qui molestiae voluptatum quae corporis amet velit et. Quo voluptates alias fugit reiciendis ratione possimus veritatis pariatur. Provident illo qui voluptas explicabo. Voluptatem quaerat quia autem animi aut molestias.',1,0,'1995-09-18 17:42:25','2020-08-26 22:43:53'),(22,36,43,'Cumque sed numquam dignissimos recusandae. Velit libero minima ea harum maxime ut non. Minus dolorem consequatur tempora reiciendis rem. Minus provident aut ex qui dolorem similique.',1,0,'1971-08-03 15:30:46','2020-08-26 22:43:53'),(23,7,6,'Architecto voluptates quidem harum quasi. Quis quos aut eius minus magnam et. Et libero ut aut nihil sequi. Eveniet laboriosam omnis dolore pariatur quasi. Quia est sit mollitia non in ea nesciunt sequi.',1,1,'1999-09-08 14:25:56','2020-08-26 22:43:53'),(24,8,21,'Voluptas sequi autem consequatur molestias. Sit pariatur cupiditate debitis cumque doloribus voluptatem asperiores. Ipsam sit autem cum dolor asperiores reiciendis.',1,1,'1987-05-07 14:47:04','2020-08-26 22:43:53'),(25,82,47,'Alias velit itaque et et tempora. Voluptatum voluptatem maxime consequatur consequatur.',1,1,'1970-05-03 08:55:04','2020-08-26 22:43:53'),(26,88,99,'Quia cupiditate tempora ex est suscipit eum. Aut voluptatem alias explicabo repudiandae aut.',1,1,'1990-06-06 10:54:36','2020-08-26 22:43:53'),(27,31,58,'Est ut perspiciatis tenetur dolor modi et rem pariatur. Rem facere consequatur reiciendis voluptatem. Error laboriosam sed et ipsam.',1,1,'2014-02-17 04:56:29','2020-08-26 22:43:53'),(28,96,4,'Sint veritatis aut ab omnis. Beatae vitae rerum qui voluptate. Iste ab est incidunt maiores iste perspiciatis ab natus.',0,1,'2009-05-28 14:33:32','2020-08-26 22:43:53'),(29,31,43,'At veritatis aliquid nam incidunt repudiandae quos assumenda. Qui voluptatum aut a illo. Qui facere alias velit quis.',1,1,'1992-08-19 11:58:59','2020-08-26 22:43:53'),(30,23,86,'Qui incidunt recusandae autem nobis aut similique enim. Ex cum vel sed dolorem quam rerum. Rem totam ipsum natus minus iure ex.',0,1,'2007-06-03 12:21:06','2020-08-26 22:43:53'),(31,59,37,'Qui voluptatem hic sint exercitationem molestiae inventore nesciunt. Quis nihil in aperiam explicabo. Tempora in at sequi.',0,0,'1977-06-03 20:40:23','2020-08-26 22:43:53'),(32,9,33,'Quis pariatur nisi praesentium ea eos et. Repellendus ab quo enim totam accusamus. Consequatur ea debitis aperiam officiis molestiae qui.',0,0,'2006-09-14 07:17:57','2020-08-26 22:43:53'),(33,36,79,'Ex ab consequatur eum quibusdam quidem deleniti. Minus sed ducimus neque culpa fugiat et suscipit. Accusamus sit voluptatem maiores non.',0,0,'2012-01-05 16:24:59','2020-08-26 22:43:53'),(34,89,6,'Perferendis est a fugit eaque. Voluptatem quia aut aut impedit deleniti molestiae. Ad quo dolorum neque quia sint non.',0,1,'1981-12-23 10:43:52','2020-08-26 22:43:53'),(35,64,1,'Dolor esse voluptates necessitatibus mollitia eos explicabo. Atque et veritatis officia repudiandae consequatur quas. Voluptate quod culpa fuga voluptatibus voluptas voluptatem.',0,0,'1970-05-02 02:42:59','2020-08-26 22:43:53'),(36,12,58,'Accusantium beatae expedita sed exercitationem maxime. Dolor sapiente blanditiis et. Tempora commodi quos sunt harum provident est. Nihil id aut minus et quod maxime ut praesentium.',1,0,'2000-12-19 13:55:25','2020-08-26 22:43:53'),(37,51,81,'Quia eum praesentium voluptas eos et. Minus enim quis at dignissimos quia rerum dolor. Est cupiditate ad eaque.',1,0,'2019-12-05 00:57:29','2020-08-26 22:43:53'),(38,50,8,'Dolor officiis temporibus id officia quos. Quo eveniet sit autem fugiat. Repudiandae sed sunt inventore veritatis voluptas ea. Repudiandae eum qui nihil quo recusandae eligendi ea officia. Ea eos sit vel et ipsam.',0,0,'1980-04-23 06:28:38','2020-08-26 22:43:53'),(39,92,32,'Quasi est nobis ipsam occaecati. Unde necessitatibus ipsa rerum deserunt tempora quia molestias earum. Alias voluptas labore vitae enim.',1,0,'1985-01-02 13:52:25','2020-08-26 22:43:53'),(40,83,20,'Commodi aperiam nihil molestiae ut. Odit sequi magni quia. Et dolor voluptatem totam incidunt facilis consequuntur. Quis fugit veniam quis nisi eaque quidem.',1,1,'2004-11-02 18:05:45','2020-08-26 22:43:53'),(41,52,98,'Sint quis aspernatur facere nesciunt voluptatem ratione necessitatibus. Soluta provident quibusdam ipsa doloremque. In a praesentium enim accusamus fuga facere.',1,0,'1981-02-14 16:22:20','2020-08-26 22:43:53'),(42,33,73,'Excepturi at non est nihil. Non aut accusamus ipsam laudantium voluptates illo explicabo. Quia omnis vel incidunt qui veniam provident. Animi et eius dolores ut aliquam deserunt est distinctio.',0,0,'2014-07-17 12:05:52','2020-08-26 22:43:53'),(43,64,2,'Eius veniam eligendi ipsum in architecto. Eos vitae illo quia.',0,1,'2014-07-13 05:38:36','2020-08-26 22:43:53'),(44,16,76,'Dolorem quidem optio aut recusandae non in sed. Aut non rerum magni asperiores. Veritatis laudantium placeat voluptates voluptas inventore nisi. Est non ab et est.',1,1,'1984-07-10 15:52:33','2020-08-26 22:43:53'),(45,29,17,'Et impedit in quasi dolorem dolor. Quos dolorem commodi dolores illo culpa et. Accusamus ut consectetur unde expedita unde eos corrupti.',1,0,'2007-04-20 16:32:11','2020-08-26 22:43:53'),(46,99,42,'Est accusantium fugiat consequatur doloremque dolore quam. Delectus ipsa ea omnis nostrum sequi quas vero. Aut quia exercitationem numquam cupiditate iusto rerum laboriosam. Nesciunt eius temporibus qui nihil eligendi autem.',1,1,'2014-06-03 14:50:57','2020-08-26 22:43:53'),(47,13,40,'Ipsum consectetur sint doloremque. Iure corporis voluptatibus et nesciunt animi.',1,1,'1981-05-18 16:51:27','2020-08-26 22:43:53'),(48,61,83,'Eaque libero sed voluptatibus occaecati nostrum officia. Eum in voluptatem in iure sint maxime enim. Vel a recusandae facilis impedit tenetur. Ex reprehenderit quas aut mollitia quasi dolorem.',1,0,'2016-06-13 14:58:17','2020-08-26 22:43:53'),(49,33,13,'Et praesentium repellendus dolor. Culpa modi est laudantium et ratione. Deleniti similique totam error repellendus ut aperiam natus optio.',0,0,'1999-06-25 16:31:20','2020-08-26 22:43:53'),(50,67,96,'Et aspernatur reiciendis ratione aperiam cupiditate fugit. Dolorem iure similique deserunt deleniti inventore culpa. Asperiores autem sapiente est.',1,1,'1983-05-11 10:17:10','2020-08-26 22:43:53'),(51,80,9,'Suscipit accusamus necessitatibus eligendi nisi dolores pariatur quae saepe. Et animi sunt quas debitis beatae. Aut ut omnis voluptates aliquid saepe.',0,1,'2005-01-24 20:53:47','2020-08-26 22:43:53'),(52,7,7,'Vitae id rerum non. Dignissimos excepturi architecto aut quia quis. Sint vel quis ipsum. Aliquid a consequatur consequatur cupiditate accusantium autem.',1,0,'2007-11-12 14:26:35','2020-08-26 22:43:53'),(53,12,39,'In accusantium veritatis qui molestias. Nostrum nam eum eum odio. Voluptatem adipisci corrupti consequatur officiis libero incidunt necessitatibus. Totam dolorum minima excepturi molestias.',0,1,'1995-11-06 07:44:54','2020-08-26 22:43:53'),(54,57,67,'Omnis nesciunt tempora voluptatem. Totam nobis magni veniam natus doloribus reiciendis et. Ipsam sed eveniet officia ut voluptatum velit.',1,0,'1999-02-22 02:41:32','2020-08-26 22:43:53'),(55,63,13,'Aut necessitatibus eaque sapiente ratione velit ut maiores natus. Voluptatem porro quisquam ea nam corporis. Amet perspiciatis et assumenda rem. Quia sit maxime veniam fugit illum non ab eum. Natus ipsam aut sed in.',0,0,'2009-05-10 12:08:42','2020-08-26 22:43:53'),(56,77,44,'Magnam molestiae inventore est autem qui. Tempore iste neque doloremque mollitia ut magnam. Fugiat ut quam praesentium. Sint ea et et similique ut occaecati. Hic itaque vel est voluptas.',0,0,'2014-10-26 06:39:00','2020-08-26 22:43:53'),(57,89,11,'Facilis non ad et voluptates iusto. Sit voluptas ullam est quia velit ab qui. Quibusdam quae fuga ut necessitatibus et rerum. Sit ea quod unde commodi beatae cupiditate.',1,1,'2008-01-27 12:31:33','2020-08-26 22:43:53'),(58,89,11,'Sint quam pariatur aperiam reiciendis. Impedit cumque delectus officia maiores magnam veritatis non. Quis rerum doloribus ipsum corporis et. Quaerat dolores sed consectetur ut nulla quam.',1,1,'2018-09-18 00:02:34','2020-08-26 22:43:53'),(59,86,99,'Quasi doloribus aut nam ullam et animi quod culpa. Labore omnis sunt officiis exercitationem rerum accusamus temporibus.',1,1,'1985-12-12 20:55:53','2020-08-26 22:43:53'),(60,34,72,'Ut deserunt quia aliquam sit nam aut. Quia voluptatem minus aliquid nisi. Earum consequatur molestiae cumque et ut labore et vitae. Illum rem magnam voluptas occaecati consequatur qui iusto.',1,1,'1973-03-04 05:59:59','2020-08-26 22:43:53'),(61,57,69,'Soluta officiis ex cum eum sequi praesentium. Quisquam reprehenderit ratione id dicta.',0,1,'1990-08-16 11:08:31','2020-08-26 22:43:53'),(62,74,65,'Rerum dolorum ad corporis nihil animi similique. Tenetur aut magni provident et est aspernatur quod cum. Maxime temporibus placeat consequatur possimus facere soluta. Voluptas aut id aut saepe dolorem sed voluptate totam.',0,1,'1980-07-30 23:44:07','2020-08-26 22:43:53'),(63,99,100,'Commodi voluptatem molestiae accusamus quos perspiciatis et non. Rerum provident exercitationem reprehenderit labore beatae incidunt qui. Ducimus accusamus nam temporibus repudiandae adipisci nesciunt dolor.',1,1,'2009-01-16 22:38:18','2020-08-26 22:43:53'),(64,5,22,'Qui voluptas quo quis tenetur sunt at. Enim accusantium qui dignissimos aut facilis. Soluta qui dolorem omnis architecto. Et asperiores nesciunt commodi rerum natus et. Consequatur ipsam ad est sunt ut praesentium accusamus et.',1,0,'2014-01-30 15:28:58','2020-08-26 22:43:53'),(65,94,4,'Id ut et voluptatem officiis. Tempora quia quas corrupti voluptatem blanditiis qui et est. Qui eos error quia molestiae eaque.',0,0,'2001-06-19 11:06:59','2020-08-26 22:43:53'),(66,37,71,'Consequuntur explicabo laboriosam ut quas voluptate sunt. Doloribus maiores sed quia autem. Nemo non omnis voluptatum dolorem unde ullam.',0,0,'2010-10-04 19:22:31','2020-08-26 22:43:53'),(67,46,18,'Magni quasi amet id debitis magnam. Similique qui totam sint non dignissimos. Vitae et ea quia ab distinctio velit.',1,0,'1973-05-06 09:46:03','2020-08-26 22:43:53'),(68,49,93,'Et mollitia non quis. Debitis est odit explicabo aperiam quia esse suscipit qui. In dolorem qui est iusto quia eos accusantium placeat.',0,0,'1991-08-12 16:35:18','2020-08-26 22:43:53'),(69,15,98,'Voluptas dicta temporibus veniam enim quae cum nesciunt. Voluptas dolores quibusdam veritatis aliquam est expedita. Officiis dolore autem ut nobis.',1,0,'1970-12-23 17:25:48','2020-08-26 22:43:53'),(70,42,17,'Sunt velit placeat facere. Rerum eligendi sequi dolores sit.',0,0,'2004-08-17 17:53:58','2020-08-26 22:43:53'),(71,57,32,'Tempore alias quia sint et iste. Nostrum enim aut laboriosam a quos. Cumque accusantium cumque velit ut vel id.',1,1,'2018-10-14 00:37:07','2020-08-26 22:43:53'),(72,92,63,'Atque exercitationem sint earum ipsum fugit qui minus culpa. Et ut quam cupiditate vero dolores illum veritatis. Ea amet magni sunt voluptatum distinctio similique.',1,1,'1986-01-18 17:39:38','2020-08-26 22:43:53'),(73,37,97,'Eligendi non exercitationem expedita ut officiis eveniet excepturi natus. Aut odio amet hic distinctio velit et. A iure quasi consequatur aut veritatis. Mollitia eligendi velit tenetur neque autem qui dolorum.',0,0,'1999-12-15 18:32:50','2020-08-26 22:43:53'),(74,71,65,'Laboriosam debitis repellendus velit sunt minima. Voluptatem laborum atque sint dolorem asperiores a nesciunt. Et facere corrupti aliquam perferendis et ut. Reprehenderit optio odit est vel id.',1,0,'1994-03-04 22:25:12','2020-08-26 22:43:53'),(75,11,61,'Eveniet explicabo eveniet ipsam possimus consectetur omnis exercitationem. Eveniet id et tenetur omnis odio. Amet perspiciatis et quia magni molestiae aperiam.',0,1,'1980-06-28 14:09:58','2020-08-26 22:43:53'),(76,72,74,'Quia sint reiciendis non est quae illo. Aliquam sit voluptatem provident sapiente facilis saepe. Et accusantium deleniti sunt est. Iste doloribus dolorum qui quisquam ipsa sit voluptas fugit. Omnis ipsum quo omnis amet quo eius nulla.',0,0,'2019-02-14 18:25:00','2020-08-26 22:43:53'),(77,56,55,'Beatae ut laudantium porro quidem. Aspernatur quos quia recusandae fuga quis consequatur est. Pariatur ea eligendi rerum quam suscipit. Voluptate nobis unde nulla in ipsum ut voluptatem id.',0,1,'2000-05-16 19:28:14','2020-08-26 22:43:53'),(78,10,81,'Qui ut id veniam neque ducimus error labore. Dolores sed consequuntur rerum temporibus. Vel voluptas enim natus qui praesentium quas qui. In incidunt cupiditate repellat aut quia nisi. Asperiores quidem ex et ipsum numquam sit dolores.',0,1,'1996-01-27 21:38:25','2020-08-26 22:43:53'),(79,75,33,'Id et exercitationem modi voluptatem dolor quia qui voluptates. Assumenda deleniti nostrum et magnam et ut voluptatem molestiae. Eos exercitationem eum reiciendis accusantium non.',0,1,'2009-10-13 20:14:54','2020-08-26 22:43:53'),(80,40,98,'Et enim odio commodi fuga. Reiciendis voluptatibus molestiae vero fugit expedita consectetur. Veritatis quasi qui est et est. Vel perferendis omnis distinctio ipsum.',1,1,'2015-07-12 10:29:15','2020-08-26 22:43:53'),(81,70,55,'Dolor nemo aut sit. Delectus vel rerum illo commodi ratione reiciendis accusantium. Similique ea fugit quidem eos.',1,0,'1976-06-29 23:58:35','2020-08-26 22:43:53'),(82,66,63,'Asperiores fugit deserunt placeat ut aspernatur maiores dolor tempore. Excepturi ducimus ea et autem ut assumenda omnis. Dolores ut tenetur aut blanditiis sunt eos ullam. Aut temporibus minus soluta saepe.',1,0,'2003-04-12 11:06:05','2020-08-26 22:43:53'),(83,16,93,'Ipsum dolorem autem est libero architecto. Sit et id non voluptatem ut veniam. Qui explicabo magni iste ut doloremque in.',1,0,'1988-10-27 10:08:32','2020-08-26 22:43:53'),(84,14,91,'Voluptate enim velit voluptatem et consequatur ab. Molestias praesentium quas ullam repellendus. Nesciunt est eligendi qui reiciendis.',0,0,'1976-08-22 02:10:45','2020-08-26 22:43:53'),(85,13,93,'Maxime recusandae provident facere sequi incidunt. Officia officia libero illum iusto. Quos repudiandae et molestiae voluptatem debitis est ducimus.',1,1,'1971-08-11 04:40:16','2020-08-26 22:43:53'),(86,25,45,'Voluptas magni est tempora alias impedit dignissimos sed. Odit et dolores magni ducimus inventore illum labore culpa. Quaerat voluptates voluptas est maxime sit. Et et dicta aut quo dolor tenetur est.',1,1,'2008-10-15 11:43:10','2020-08-26 22:43:53'),(87,51,18,'Quibusdam fuga error laudantium consequatur. Repudiandae sed repudiandae totam voluptas dolorem inventore. Dolore ut quo et tempora.',1,0,'1990-10-18 02:27:40','2020-08-26 22:43:53'),(88,36,25,'Aut asperiores dolor consequatur sit. Officia qui labore sit ducimus tempora sed. Quibusdam suscipit dolor minima ut voluptas et sed. Dolorem aut soluta iure labore qui soluta illo.',1,0,'2000-11-19 14:00:10','2020-08-26 22:43:53'),(89,18,14,'Harum dolorum dolores enim qui magnam et consequuntur. Omnis deserunt nesciunt porro illum et aut laudantium. In ut magnam qui sit mollitia perspiciatis.',1,1,'2017-01-01 05:10:54','2020-08-26 22:43:53'),(90,16,36,'Dolores aperiam quis voluptatibus eius expedita dolores dolorem. Suscipit asperiores voluptatum perspiciatis sed. Temporibus aliquid facilis ab est magnam et numquam.',1,1,'1970-04-22 08:15:00','2020-08-26 22:43:53'),(91,30,44,'Ullam et harum recusandae et accusantium. Voluptas earum autem nemo tempora. Delectus aliquid fugiat unde voluptatem.',1,1,'1977-11-05 06:07:27','2020-08-26 22:43:53'),(92,29,14,'Nemo dolore itaque accusantium quibusdam ea possimus. Voluptas soluta aliquam officiis qui qui expedita. Voluptatem sapiente quia distinctio iusto vel corrupti tempore modi. Veritatis doloremque quo dolores esse laboriosam suscipit iusto.',1,0,'1991-07-28 16:50:20','2020-08-26 22:43:53'),(93,79,55,'Consequatur eos et aut maxime sint. Iusto saepe omnis libero aperiam omnis. Quae est et et in.',0,1,'1978-02-22 19:10:30','2020-08-26 22:43:53'),(94,38,23,'Omnis nesciunt reprehenderit voluptatem commodi. Voluptatum occaecati quam est mollitia quisquam voluptatibus officiis impedit. Quisquam quos qui aut. Nostrum fugiat quia animi nemo.',1,0,'2011-08-05 03:52:39','2020-08-26 22:43:53'),(95,3,43,'Eaque ut tempore excepturi quo. Qui numquam voluptas dolorum et dolorum. Magnam blanditiis nihil itaque voluptas quo fuga. Eaque tempore in commodi vitae earum inventore ex corporis.',0,0,'2002-01-13 05:17:47','2020-08-26 22:43:53'),(96,8,8,'Rerum libero blanditiis distinctio veritatis exercitationem tempora incidunt sunt. Asperiores quia aut ad est. Minus expedita voluptatibus voluptatum et ex.',1,0,'2015-08-23 08:58:39','2020-08-26 22:43:53'),(97,17,62,'Qui alias quisquam hic autem error autem dolorem. Dolor et molestiae asperiores. Sint accusantium sit velit quo nisi officiis voluptatibus. Quasi in est voluptatem sit tenetur et.',1,1,'1977-05-24 23:19:10','2020-08-26 22:43:53'),(98,56,96,'Omnis aut laboriosam numquam. Nobis minima nemo explicabo dicta illo tempora consequatur. Illo recusandae modi totam nulla quidem.',1,0,'1991-08-17 12:30:54','2020-08-26 22:43:53'),(99,9,58,'Eligendi tenetur eveniet eveniet aut. Porro earum ut enim rerum beatae. Vitae exercitationem nemo dicta ut voluptas id. Ullam ut temporibus incidunt magni occaecati voluptatem.',0,0,'1974-03-22 00:22:40','2020-08-26 22:43:53'),(100,61,32,'Magni eos eos dolor. Eum architecto eligendi consequuntur corporis sed minima.',0,0,'1999-01-08 20:43:12','2020-08-26 22:43:53');
/*!40000 ALTER TABLE `messages` ENABLE KEYS */;
UNLOCK TABLES;

--
-- Table structure for table `posts`
--

DROP TABLE IF EXISTS `posts`;
/*!40101 SET @saved_cs_client     = @@character_set_client */;
/*!40101 SET character_set_client = utf8 */;
CREATE TABLE `posts` (
  `id` int(10) unsigned NOT NULL AUTO_INCREMENT,
  `user_id` int(10) unsigned NOT NULL,
  `communitie_id` int(10) unsigned NOT NULL,
  `title` varchar(255) NOT NULL,
  `body` text NOT NULL,
  `important` tinyint(1) DEFAULT NULL,
  `delivered` tinyint(1) DEFAULT NULL,
  `created_at` datetime DEFAULT CURRENT_TIMESTAMP,
  `updated_at` datetime DEFAULT CURRENT_TIMESTAMP ON UPDATE CURRENT_TIMESTAMP,
  PRIMARY KEY (`id`)
) ENGINE=InnoDB DEFAULT CHARSET=latin1;
/*!40101 SET character_set_client = @saved_cs_client */;

--
-- Dumping data for table `posts`
--

LOCK TABLES `posts` WRITE;
/*!40000 ALTER TABLE `posts` DISABLE KEYS */;
/*!40000 ALTER TABLE `posts` ENABLE KEYS */;
UNLOCK TABLES;

--
-- Table structure for table `profiles`
--

DROP TABLE IF EXISTS `profiles`;
/*!40101 SET @saved_cs_client     = @@character_set_client */;
/*!40101 SET character_set_client = utf8 */;
CREATE TABLE `profiles` (
  `user_id` int(10) unsigned NOT NULL COMMENT 'Ссылка на пользователя',
  `gender` char(1) COLLATE utf8_unicode_ci NOT NULL COMMENT 'Пол',
  `birthday` date DEFAULT NULL COMMENT 'Дата рождения',
  `photo_id` int(10) unsigned DEFAULT NULL COMMENT 'Ссылка на основную фотографию пользователя',
  `city` varchar(130) COLLATE utf8_unicode_ci DEFAULT NULL COMMENT 'Город проживания',
  `country` varchar(130) COLLATE utf8_unicode_ci DEFAULT NULL COMMENT 'Страна проживания',
  `created_at` datetime DEFAULT CURRENT_TIMESTAMP COMMENT 'Время создания строки',
  `updated_at` datetime DEFAULT CURRENT_TIMESTAMP ON UPDATE CURRENT_TIMESTAMP COMMENT 'Время обновления строки',
  `region_id` int(10) unsigned DEFAULT NULL,
  PRIMARY KEY (`user_id`)
) ENGINE=InnoDB DEFAULT CHARSET=utf8 COLLATE=utf8_unicode_ci COMMENT='Профили';
/*!40101 SET character_set_client = @saved_cs_client */;

--
-- Dumping data for table `profiles`
--

LOCK TABLES `profiles` WRITE;
/*!40000 ALTER TABLE `profiles` DISABLE KEYS */;
INSERT INTO `profiles` VALUES (1,'m','1974-02-25',73,'Port Sydneytown','Germany','2010-11-22 22:21:42','2020-08-26 22:43:13',NULL),(2,'m','1976-12-05',70,'Schmelerville','Belarus','2013-10-15 01:10:08','2020-08-26 22:43:13',NULL),(3,'f','1985-09-11',33,'Theaville','Belarus','2019-01-09 11:43:01','2020-08-26 22:43:13',NULL),(4,'f','1988-04-22',54,'North Ilaside','Belarus','2014-09-09 09:39:22','2020-08-26 22:43:13',NULL),(5,'m','1990-02-02',70,'Morissetteside','Russian Federation','2017-11-10 23:11:06','2020-08-26 22:43:13',NULL),(6,'f','1978-03-21',86,'South Trace','Germany','2015-07-14 19:26:35','2020-08-26 22:43:13',NULL),(7,'m','1984-11-20',22,'Heidenreichview','Russian Federation','2012-07-23 02:38:34','2020-08-26 22:43:13',NULL),(8,'m','1982-02-19',51,'Blickborough','Russian Federation','2012-09-21 21:06:15','2020-08-26 22:43:13',NULL),(9,'m','1994-07-22',88,'Tremaynemouth','Russian Federation','2020-07-12 23:43:10','2020-08-26 22:43:13',NULL),(10,'m','2004-06-06',87,'South Xzavier','Belarus','2018-05-21 23:45:08','2020-08-26 22:43:13',NULL),(11,'m','1977-04-23',72,'Rashawnmouth','Belarus','2010-08-23 03:45:41','2020-08-26 22:43:13',NULL),(12,'f','1988-04-26',97,'Lake Lewhaven','Russian Federation','2018-01-22 18:27:08','2020-08-26 22:43:13',NULL),(13,'m','2005-06-16',67,'Larkinhaven','Russian Federation','2011-03-12 01:59:42','2020-08-26 22:43:13',NULL),(14,'f','1986-11-11',45,'Lake Jimmie','Germany','2019-02-08 12:33:53','2020-08-26 22:43:13',NULL),(15,'m','1971-03-05',24,'Franeckimouth','Germany','2011-04-11 22:36:43','2020-08-26 22:43:13',NULL),(16,'m','2014-03-09',84,'Ryanbury','Russian Federation','2012-04-14 05:02:14','2020-08-26 22:43:13',NULL),(17,'m','2000-11-30',46,'Simonisstad','Russian Federation','2019-10-03 22:42:54','2020-08-26 22:43:13',NULL),(18,'f','1991-08-18',77,'South Chelseyborough','Germany','2016-09-04 02:55:44','2020-08-26 22:43:13',NULL),(19,'f','1987-10-08',45,'East Letaside','Belarus','2018-10-05 15:19:51','2020-08-26 22:43:13',NULL),(20,'f','1994-08-10',97,'Omerfurt','Russian Federation','2018-01-12 02:43:58','2020-08-26 22:43:13',NULL),(21,'m','1974-11-22',50,'Mertzfurt','Germany','2014-12-08 18:44:38','2020-08-26 22:43:13',NULL),(22,'m','2001-02-09',57,'Bednarbury','Belarus','2018-05-19 22:18:38','2020-08-26 22:43:13',NULL),(23,'m','1970-09-25',34,'North Tremainetown','Germany','2018-12-02 10:09:07','2020-08-26 22:43:13',NULL),(24,'f','1998-04-29',100,'Wilfredtown','Germany','2019-02-23 01:28:57','2020-08-26 22:43:13',NULL),(25,'m','1988-11-02',96,'Gretchenborough','Germany','2012-07-28 03:22:10','2020-08-26 22:43:13',NULL),(26,'m','1986-02-19',78,'New Madalynfort','Belarus','2015-04-15 19:44:24','2020-08-26 22:43:13',NULL),(27,'f','1993-09-29',4,'Laurelland','Russian Federation','2012-06-21 13:49:06','2020-08-26 22:43:13',NULL),(28,'m','1974-07-05',84,'Stoltenbergborough','Belarus','2012-05-26 20:36:31','2020-08-26 22:43:13',NULL),(29,'f','2001-03-06',8,'Rippinmouth','Belarus','2015-12-14 12:22:40','2020-08-26 22:43:13',NULL),(30,'m','1981-02-15',86,'Kaystad','Russian Federation','2016-08-29 03:39:31','2020-08-26 22:43:13',NULL),(31,'m','1990-04-03',8,'Isabellefurt','Belarus','2011-09-15 04:27:27','2020-08-26 22:43:13',NULL),(32,'m','1971-04-05',81,'North Nannie','Russian Federation','2013-02-18 04:31:51','2020-08-26 22:43:13',NULL),(33,'m','1991-01-14',78,'Murrayville','Russian Federation','2012-02-07 22:04:34','2020-08-26 22:43:13',NULL),(34,'f','1988-09-03',49,'Port Addieborough','Belarus','2014-01-05 14:12:55','2020-08-26 22:43:13',NULL),(35,'m','1988-07-15',8,'Virginiaborough','Belarus','2015-03-05 16:23:36','2020-08-26 22:43:13',NULL),(36,'m','2003-05-30',93,'Lake Mireyahaven','Germany','2011-07-13 11:20:28','2020-08-26 22:43:13',NULL),(37,'f','2009-06-02',41,'Lake Audieshire','Germany','2018-02-08 01:11:46','2020-08-26 22:43:13',NULL),(38,'f','1990-06-09',25,'Port Felix','Germany','2010-08-22 10:39:09','2020-08-26 22:43:13',NULL),(39,'f','1978-06-13',100,'New Victor','Germany','2019-09-06 15:14:50','2020-08-26 22:43:13',NULL),(40,'m','1975-11-07',26,'Lake Fleta','Germany','2014-05-13 06:31:25','2020-08-26 22:43:13',NULL),(41,'m','1981-05-04',30,'Collinstown','Russian Federation','2018-09-14 09:13:36','2020-08-26 22:43:13',NULL),(42,'f','1988-09-04',72,'West Daphneshire','Belarus','2018-01-07 10:04:55','2020-08-26 22:43:13',NULL),(43,'f','1998-07-23',70,'South Omari','Russian Federation','2018-01-21 08:18:45','2020-08-26 22:43:13',NULL),(44,'m','1989-08-11',34,'West Aurore','Germany','2010-12-20 09:31:09','2020-08-26 22:43:13',NULL),(45,'f','2015-09-21',59,'New Raymondburgh','Belarus','2017-09-27 01:59:37','2020-08-26 22:43:13',NULL),(46,'m','1988-02-19',94,'South Alycetown','Belarus','2019-02-15 09:55:00','2020-08-26 22:43:13',NULL),(47,'f','1982-12-19',89,'East Vida','Germany','2012-09-10 03:50:25','2020-08-26 22:43:13',NULL),(48,'f','2014-07-17',66,'Schuppeview','Germany','2017-01-25 09:25:33','2020-08-26 22:43:13',NULL),(49,'m','1974-10-26',61,'North Christian','Germany','2020-01-25 13:27:27','2020-08-26 22:43:13',NULL),(50,'f','1977-12-15',6,'West Orphaborough','Belarus','2015-12-25 23:21:37','2020-08-26 22:43:13',NULL),(51,'f','1971-09-26',46,'Port Jarrett','Russian Federation','2014-06-06 17:56:44','2020-08-26 22:43:13',NULL),(52,'f','2007-12-13',12,'Port Hipolito','Belarus','2018-08-15 23:24:01','2020-08-26 22:43:13',NULL),(53,'m','2013-08-15',21,'New Emeryshire','Germany','2015-08-05 08:16:33','2020-08-26 22:43:13',NULL),(54,'f','1997-09-16',71,'Irmastad','Russian Federation','2018-05-10 10:34:51','2020-08-26 22:43:13',NULL),(55,'f','1970-04-27',90,'New Velvastad','Germany','2011-10-08 12:29:45','2020-08-26 22:43:13',NULL),(56,'f','2007-10-18',36,'Franeckibury','Russian Federation','2015-04-24 04:11:45','2020-08-26 22:43:13',NULL),(57,'f','1975-09-16',11,'South Celiabury','Belarus','2015-11-09 06:41:36','2020-08-26 22:43:13',NULL),(58,'m','2000-01-19',44,'Modestochester','Belarus','2019-10-02 13:11:52','2020-08-26 22:43:13',NULL),(59,'f','1986-02-16',87,'Cristopherland','Germany','2012-12-21 03:37:46','2020-08-26 22:43:13',NULL),(60,'m','1982-07-07',2,'Port Wilmer','Germany','2017-08-16 02:32:35','2020-08-26 22:43:13',NULL),(61,'f','1997-03-27',50,'South Brigittemouth','Russian Federation','2014-04-24 20:18:30','2020-08-26 22:43:13',NULL),(62,'f','1985-02-15',44,'East Jamey','Germany','2015-02-27 19:11:45','2020-08-26 22:43:13',NULL),(63,'m','1992-12-11',70,'New Alexie','Belarus','2013-11-29 04:18:55','2020-08-26 22:43:13',NULL),(64,'m','1970-08-05',18,'Mozelletown','Germany','2016-01-14 08:26:21','2020-08-26 22:43:13',NULL),(65,'f','1976-08-03',78,'Wehnerstad','Russian Federation','2015-09-30 16:52:55','2020-08-26 22:43:13',NULL),(66,'f','2018-11-22',36,'Krismouth','Russian Federation','2012-04-24 06:06:56','2020-08-26 22:43:13',NULL),(67,'f','2015-11-07',45,'East Maxineland','Belarus','2010-09-05 06:31:19','2020-08-26 22:43:13',NULL),(68,'m','2015-04-08',18,'Keelychester','Germany','2017-12-24 23:44:06','2020-08-26 22:43:13',NULL),(69,'f','2012-01-06',53,'Lakinfort','Belarus','2019-06-02 19:08:09','2020-08-26 22:43:13',NULL),(70,'f','1985-03-30',11,'South Alessiamouth','Germany','2017-07-23 04:10:42','2020-08-26 22:43:13',NULL),(71,'f','2016-09-10',94,'Port Chaddburgh','Germany','2010-12-06 18:20:19','2020-08-26 22:43:13',NULL),(72,'m','1983-03-02',36,'South Jaceytown','Belarus','2012-05-29 06:04:55','2020-08-26 22:43:13',NULL),(73,'m','1972-04-19',100,'Steuberstad','Belarus','2016-06-22 14:36:38','2020-08-26 22:43:13',NULL),(74,'f','2014-11-18',92,'Kaneberg','Germany','2013-11-24 09:10:48','2020-08-26 22:43:13',NULL),(75,'m','2007-08-13',58,'Port Fannyhaven','Germany','2016-06-02 23:11:28','2020-08-26 22:43:13',NULL),(76,'f','2016-01-29',15,'South Ardith','Germany','2012-06-22 05:22:53','2020-08-26 22:43:13',NULL),(77,'m','1998-12-25',98,'Lewmouth','Russian Federation','2012-10-08 06:30:10','2020-08-26 22:43:13',NULL),(78,'f','2011-04-05',44,'West Berneice','Belarus','2018-03-26 07:09:45','2020-08-26 22:43:13',NULL),(79,'f','2015-09-15',28,'Nobleberg','Russian Federation','2019-04-11 17:11:17','2020-08-26 22:43:13',NULL),(80,'m','2004-02-06',5,'Port Derek','Russian Federation','2014-04-13 15:30:33','2020-08-26 22:43:13',NULL),(81,'m','1984-12-01',42,'New May','Germany','2019-02-05 07:04:10','2020-08-26 22:43:13',NULL),(82,'f','1975-03-05',94,'Lake Isaias','Germany','2016-03-17 05:46:09','2020-08-26 22:43:13',NULL),(83,'f','1988-12-12',42,'North Meagantown','Russian Federation','2017-06-10 03:12:20','2020-08-26 22:43:13',NULL),(84,'m','2009-10-30',29,'Lake America','Belarus','2016-12-17 05:59:05','2020-08-26 22:43:13',NULL),(85,'f','2016-04-06',20,'Edwardmouth','Germany','2017-07-01 06:27:31','2020-08-26 22:43:13',NULL),(86,'m','2020-04-23',11,'Lake Milanmouth','Russian Federation','2013-01-20 21:57:02','2020-08-26 22:43:13',NULL),(87,'m','1991-01-18',94,'North Lowell','Russian Federation','2015-03-14 07:52:50','2020-08-26 22:43:13',NULL),(88,'m','1987-05-24',36,'Hyattmouth','Belarus','2015-06-10 11:54:02','2020-08-26 22:43:13',NULL),(89,'f','1996-01-21',97,'East Mackenzie','Russian Federation','2011-07-30 21:54:40','2020-08-26 22:43:13',NULL),(90,'m','1991-07-12',79,'Ratkefurt','Belarus','2014-07-23 20:23:07','2020-08-26 22:43:13',NULL),(91,'f','1977-01-24',1,'Berrymouth','Germany','2015-05-15 16:14:29','2020-08-26 22:43:13',NULL),(92,'f','1999-12-15',68,'West Myrtice','Belarus','2020-01-06 01:10:38','2020-08-26 22:43:13',NULL),(93,'f','1970-05-10',39,'East Shyann','Germany','2019-07-01 05:46:25','2020-08-26 22:43:13',NULL),(94,'m','1970-03-13',87,'South Constance','Russian Federation','2012-11-26 09:12:07','2020-08-26 22:43:13',NULL),(95,'f','1994-03-24',18,'Dareborough','Germany','2014-11-28 08:07:56','2020-08-26 22:43:13',NULL),(96,'m','1996-07-11',30,'Sierraport','Belarus','2013-12-05 17:20:31','2020-08-26 22:43:13',NULL),(97,'m','2008-12-12',96,'New Rashawnside','Germany','2018-11-27 13:31:23','2020-08-26 22:43:13',NULL),(98,'f','1979-05-11',88,'Weberhaven','Belarus','2010-12-28 22:02:34','2020-08-26 22:43:13',NULL),(99,'m','1986-10-25',53,'Swiftberg','Germany','2011-09-15 18:06:07','2020-08-26 22:43:13',NULL),(100,'m','1970-09-21',98,'North Eveline','Russian Federation','2019-12-04 00:22:43','2020-08-26 22:43:13',NULL);
/*!40000 ALTER TABLE `profiles` ENABLE KEYS */;
UNLOCK TABLES;

--
-- Table structure for table `regions`
--

DROP TABLE IF EXISTS `regions`;
/*!40101 SET @saved_cs_client     = @@character_set_client */;
/*!40101 SET character_set_client = utf8 */;
CREATE TABLE `regions` (
  `id` int(10) unsigned NOT NULL AUTO_INCREMENT,
  `name` varchar(150) NOT NULL,
  `parent_id` int(10) unsigned DEFAULT NULL,
  `code` int(11) DEFAULT NULL,
  `created_at` datetime DEFAULT CURRENT_TIMESTAMP,
  `updated_at` datetime DEFAULT CURRENT_TIMESTAMP ON UPDATE CURRENT_TIMESTAMP,
  PRIMARY KEY (`id`)
) ENGINE=InnoDB DEFAULT CHARSET=latin1;
/*!40101 SET character_set_client = @saved_cs_client */;

--
-- Dumping data for table `regions`
--

LOCK TABLES `regions` WRITE;
/*!40000 ALTER TABLE `regions` DISABLE KEYS */;
/*!40000 ALTER TABLE `regions` ENABLE KEYS */;
UNLOCK TABLES;

--
-- Table structure for table `users`
--

DROP TABLE IF EXISTS `users`;
/*!40101 SET @saved_cs_client     = @@character_set_client */;
/*!40101 SET character_set_client = utf8 */;
CREATE TABLE `users` (
  `id` int(10) unsigned NOT NULL AUTO_INCREMENT COMMENT 'Идентификатор строки',
  `first_name` varchar(100) COLLATE utf8_unicode_ci NOT NULL COMMENT 'Имя пользователя',
  `last_name` varchar(100) COLLATE utf8_unicode_ci NOT NULL COMMENT 'Фамилия пользователя',
  `email` varchar(100) COLLATE utf8_unicode_ci NOT NULL COMMENT 'Почта',
  `phone` varchar(100) COLLATE utf8_unicode_ci NOT NULL COMMENT 'Телефон',
  `created_at` datetime DEFAULT CURRENT_TIMESTAMP COMMENT 'Время создания строки',
  `updated_at` datetime DEFAULT CURRENT_TIMESTAMP ON UPDATE CURRENT_TIMESTAMP COMMENT 'Время обновления строки',
  PRIMARY KEY (`id`),
  UNIQUE KEY `email` (`email`),
  UNIQUE KEY `phone` (`phone`)
) ENGINE=InnoDB AUTO_INCREMENT=101 DEFAULT CHARSET=utf8 COLLATE=utf8_unicode_ci COMMENT='Пользователи';
/*!40101 SET character_set_client = @saved_cs_client */;

--
-- Dumping data for table `users`
--

LOCK TABLES `users` WRITE;
/*!40000 ALTER TABLE `users` DISABLE KEYS */;
INSERT INTO `users` VALUES (1,'Creola','Baumbach','maverick.herman@example.org','502.452.1568x3993','1990-05-03 03:10:05','2017-04-19 13:19:43'),(2,'Dangelo','Kozey','edwardo.mayer@example.com','(435)644-4646','1993-09-12 10:12:41','2020-08-26 22:41:06'),(3,'Marcia','Spinka','berge.keshawn@example.org','1-188-773-2847x7823','1978-12-15 20:06:38','2013-05-07 01:08:52'),(4,'Stan','Fay','syble.erdman@example.com','06740833022','2000-09-06 11:09:16','2020-08-26 22:41:06'),(5,'Luis','Kling','jacklyn.prohaska@example.com','(647)920-8985','2017-08-18 07:04:18','2020-08-26 22:41:06'),(6,'Charity','Torp','abbey.fritsch@example.org','+73(7)0049791534','2004-07-06 15:04:44','2020-08-26 22:41:06'),(7,'Dariana','Heathcote','bertha86@example.net','1-612-342-2165','1999-04-13 10:18:01','2011-11-07 06:14:06'),(8,'Jayda','Stoltenberg','webster.skiles@example.org','1-613-899-6321','1977-09-11 04:40:25','2005-05-09 04:41:31'),(9,'Alda','Hackett','woodrow81@example.com','677-320-0823x12195','1986-11-04 06:49:48','1995-02-27 16:48:57'),(10,'Orie','Schumm','sschimmel@example.org','+03(4)7974869369','1980-09-09 18:06:49','2020-08-26 22:41:06'),(11,'Jovany','Luettgen','jacobs.jeanne@example.org','(223)295-8510x976','1995-06-09 00:18:59','2020-08-26 22:41:06'),(12,'Mike','Ferry','schaden.carolina@example.org','434-110-3776x230','2009-12-10 11:59:39','2020-08-26 22:41:06'),(13,'Alicia','Greenfelder','yaufderhar@example.org','+91(0)6978910726','1985-08-16 06:47:51','2020-08-26 22:41:06'),(14,'Modesta','Marvin','aratke@example.net','587.772.6939','1995-01-08 21:41:39','2020-08-26 22:41:06'),(15,'Glennie','Wyman','pdooley@example.com','509.792.1947x778','1970-07-22 13:27:05','1979-06-21 05:46:20'),(16,'Adah','Streich','powlowski.teagan@example.net','322-853-9441x241','1980-08-13 18:23:24','2020-08-26 22:41:06'),(17,'Cordie','Von','cleffler@example.org','(893)986-0601','2015-05-28 13:51:50','2020-08-26 22:41:06'),(18,'Alice','Cormier','suzanne42@example.org','381-228-1437x0187','1989-02-07 10:07:58','2020-08-26 22:41:06'),(19,'Branson','Bogan','dedrick.steuber@example.org','902-716-7586x2801','2019-09-24 00:51:52','2020-08-26 22:41:06'),(20,'Janis','Kulas','henriette.howell@example.com','808.616.8987','1978-02-02 00:06:47','2019-02-26 01:34:39'),(21,'Elda','Mueller','hamill.dorris@example.net','(566)181-5408','1995-09-18 17:42:25','2006-06-22 14:38:18'),(22,'Austyn','Ferry','agoodwin@example.net','1-644-739-5551','1971-08-03 15:30:46','1997-02-08 11:17:19'),(23,'Virginia','Auer','ghegmann@example.com','+66(7)9607276862','1999-09-08 14:25:56','2020-08-26 22:41:06'),(24,'Wyman','Homenick','ekemmer@example.net','1-659-767-1174x2276','1987-05-07 14:47:04','2020-08-26 22:41:06'),(25,'Saige','Murphy','kuhn.edmond@example.com','275.239.5952x118','1970-05-03 08:55:04','2018-02-04 08:24:45'),(26,'Woodrow','McKenzie','salma.bogan@example.org','060.966.4022x99866','1990-06-06 10:54:36','2020-08-26 22:41:06'),(27,'Adriana','Torphy','joanne28@example.org','695-328-7379','2014-02-17 04:56:29','2020-08-26 22:41:06'),(28,'Riley','Rowe','iliana.koch@example.org','+12(2)3309066375','2009-05-28 14:33:32','2020-08-26 22:41:06'),(29,'Reggie','Stiedemann','angeline37@example.com','1-835-110-4980','1992-08-19 11:58:59','2008-09-14 16:40:20'),(30,'Cordelia','Pollich','tanya.mueller@example.com','1-000-757-9377x2592','2007-06-03 12:21:06','2020-08-26 22:41:06'),(31,'Cassandra','Sauer','daphnee.cartwright@example.org','(685)890-2929x1272','1977-06-03 20:40:23','2012-12-04 18:40:02'),(32,'Jesse','Paucek','zoe92@example.com','124-368-6521x326','2006-09-14 07:17:57','2020-08-26 22:41:06'),(33,'Jarod','Hettinger','matilde.cormier@example.net','770.583.5105x607','2012-01-05 16:24:59','2020-08-26 22:41:06'),(34,'Nathaniel','Streich','kutch.mya@example.com','1-656-601-1576x405','1981-12-23 10:43:52','2015-09-01 21:10:58'),(35,'Alvena','Batz','werner.metz@example.net','245.554.1001x8399','1970-05-02 02:42:59','2003-08-08 05:52:46'),(36,'Madison','Goyette','pamela.nader@example.com','349.570.0419','2000-12-19 13:55:25','2020-08-26 22:41:06'),(37,'Clair','Stamm','shania95@example.net','1-311-837-0477x75984','2019-12-05 00:57:29','2020-08-26 22:41:06'),(38,'Tyrel','Haag','emie.turcotte@example.org','+08(9)6871985857','1980-04-23 06:28:38','2000-06-03 15:44:01'),(39,'Elton','Padberg','emard.gennaro@example.com','585-703-0222x7206','1985-01-02 13:52:25','2020-08-26 22:41:06'),(40,'Everett','Abbott','jairo.abbott@example.org','354.406.6928x5521','2004-11-02 18:05:45','2020-08-26 22:41:06'),(41,'Hershel','Kulas','lehner.amelie@example.org','(245)726-6449x9518','1981-02-14 16:22:20','2020-08-26 22:41:06'),(42,'Kathryn','Volkman','amari16@example.org','660-822-2695','2014-07-17 12:05:52','2020-08-26 22:41:06'),(43,'Matteo','Gutkowski','adele02@example.net','04831822776','2014-07-13 05:38:36','2020-08-26 22:41:06'),(44,'Neoma','Wolff','cgerhold@example.net','119.514.7554x291','1984-07-10 15:52:33','2020-08-26 22:41:06'),(45,'Jules','Schmitt','djohnson@example.org','03639488140','2007-04-20 16:32:11','2020-08-26 22:41:06'),(46,'Raven','Macejkovic','steuber.mariam@example.net','1-470-562-9994','2014-06-03 14:50:57','2020-08-26 22:41:06'),(47,'Laney','Wolf','ziemann.miracle@example.com','01758610987','1981-05-18 16:51:27','2020-08-26 22:41:06'),(48,'Amara','Braun','vschiller@example.net','526-450-0891x80412','2016-06-13 14:58:17','2020-08-26 22:41:06'),(49,'Germaine','Gleason','torp.zack@example.com','377-676-2459x41180','1999-06-25 16:31:20','2020-08-26 22:41:06'),(50,'Edgardo','Baumbach','shanahan.evie@example.com','+18(6)6938874515','1983-05-11 10:17:10','2007-10-04 22:03:37'),(51,'Aletha','Trantow','agrimes@example.org','965-190-1624','2005-01-24 20:53:47','2020-08-26 22:41:06'),(52,'Keagan','Koelpin','alice71@example.net','(288)438-6770','2007-11-12 14:26:35','2020-08-26 22:41:06'),(53,'Winston','Hermann','vinnie.willms@example.org','+47(1)5630495543','1995-11-06 07:44:54','2020-08-26 22:41:06'),(54,'Sammie','Upton','pschaefer@example.com','033-825-4494x7939','1999-02-22 02:41:32','2020-08-26 22:41:06'),(55,'Madyson','Corkery','schaefer.jacinto@example.com','617.294.9083x2261','2009-05-10 12:08:42','2020-08-26 22:41:06'),(56,'Damion','Schmidt','ullrich.elena@example.net','1-753-789-9122','2014-10-26 06:39:00','2015-11-01 02:09:10'),(57,'Arianna','Bosco','murray.albert@example.net','(301)069-1122x37778','2008-01-27 12:31:33','2020-08-26 22:41:06'),(58,'Tomasa','Lang','princess.stark@example.org','(127)536-3470','2018-09-18 00:02:34','2020-08-26 22:41:06'),(59,'Winifred','Botsford','olson.earlene@example.com','821-307-2730x1349','1985-12-12 20:55:53','2020-08-26 22:41:06'),(60,'Kristian','Hoeger','wilderman.bridget@example.org','1-088-344-4367x3546','1973-03-04 05:59:59','2020-06-07 21:30:03'),(61,'Amber','Rolfson','macejkovic.estell@example.net','750.264.5183x662','1990-08-16 11:08:31','2020-08-26 22:41:06'),(62,'Harley','Dibbert','langworth.norma@example.net','1-775-760-0901x6712','1980-07-30 23:44:07','2010-05-15 12:07:54'),(63,'Effie','Wehner','kovacek.aylin@example.net','(327)324-2368x8200','2009-01-16 22:38:18','2011-12-21 04:13:00'),(64,'Era','Larson','gbashirian@example.org','+34(6)5505493076','2014-01-30 15:28:58','2018-09-17 06:22:32'),(65,'Demario','Koss','kerluke.otis@example.com','1-042-575-5107','2001-06-19 11:06:59','2020-08-26 22:41:06'),(66,'Giovanna','Jerde','emerson.miller@example.org','881-928-5874','2010-10-04 19:22:31','2020-08-26 22:41:06'),(67,'Marisol','Torp','shemar.kreiger@example.com','608.196.3670x8114','1973-05-06 09:46:03','2020-08-26 22:41:06'),(68,'Sedrick','Mante','una.schaefer@example.com','132.037.0796','1991-08-12 16:35:18','2020-08-26 22:41:06'),(69,'Claire','Mayert','xemmerich@example.net','020-997-7605x37606','1970-12-23 17:25:48','1991-04-15 12:49:53'),(70,'Favian','Schinner','xdavis@example.org','617.300.8004','2004-08-17 17:53:58','2017-09-16 05:47:44'),(71,'Martine','Nicolas','elody.koelpin@example.com','146-389-8502','2018-10-14 00:37:07','2020-08-26 22:41:06'),(72,'Kade','Gulgowski','velda54@example.com','1-638-699-7446x00307','1986-01-18 17:39:38','2016-11-29 07:20:02'),(73,'Pearlie','O\'Hara','wmclaughlin@example.com','437-247-2023','1999-12-15 18:32:50','2001-09-26 21:56:33'),(74,'Coralie','Armstrong','wcarter@example.org','1-003-200-1482','1994-03-04 22:25:12','2020-08-26 22:41:06'),(75,'Herman','Cassin','marianna.shields@example.net','(948)518-9968x19460','1980-06-28 14:09:58','2020-08-26 22:41:06'),(76,'Jeremy','Roob','pcarroll@example.com','+41(2)7076838525','2019-02-14 18:25:00','2020-08-26 22:41:06'),(77,'Titus','Ruecker','zdickinson@example.net','01996568737','2000-05-16 19:28:14','2012-04-20 00:44:16'),(78,'Audie','Abshire','melany.bergnaum@example.org','08166632950','1996-01-27 21:38:25','2020-08-26 22:41:06'),(79,'Carlie','Schowalter','nathaniel.bartoletti@example.org','(166)674-4702','2009-10-13 20:14:54','2020-08-26 22:41:06'),(80,'Emmanuelle','Murphy','tpacocha@example.com','(498)138-2955x957','2015-07-12 10:29:15','2020-08-26 22:41:06'),(81,'Damian','Botsford','hand.trace@example.org','138-532-6788x717','1976-06-29 23:58:35','2004-03-14 19:32:16'),(82,'Alberta','Cassin','icarter@example.org','1-732-583-9394','2003-04-12 11:06:05','2020-08-26 22:41:06'),(83,'Jamison','Gulgowski','odessa.renner@example.com','934.579.4391x743','1988-10-27 10:08:32','2020-08-26 22:41:06'),(84,'Angeline','Volkman','ekuhn@example.net','652.075.0361x87045','1976-08-22 02:10:45','1979-11-06 04:27:13'),(85,'Janick','Schaden','neha.johnston@example.com','(410)772-6063','1971-08-11 04:40:16','2016-04-10 17:21:53'),(86,'Amiya','Marvin','rutherford.jay@example.net','737.800.0438x6453','2008-10-15 11:43:10','2010-02-08 02:27:39'),(87,'Kirk','Weimann','megane.dooley@example.net','455.283.8252','1990-10-18 02:27:40','1997-02-17 00:36:56'),(88,'Angus','Tremblay','xlegros@example.net','(764)662-6540','2000-11-19 14:00:10','2012-04-06 21:53:48'),(89,'Zena','Gerhold','marianna.doyle@example.org','1-555-179-6930','2017-01-01 05:10:54','2020-08-26 22:41:06'),(90,'Yoshiko','Russel','sarai74@example.org','277-022-0131x281','1970-04-22 08:15:00','2017-05-23 18:56:22'),(91,'Karlie','Kessler','dock77@example.net','1-993-505-2049','1977-11-05 06:07:27','1996-07-29 04:58:00'),(92,'Cristian','Waters','rohan.russell@example.com','618-010-8427','1991-07-28 16:50:20','2014-07-05 23:32:23'),(93,'Celine','Quitzon','helena.torphy@example.org','157-522-2274x93668','1978-02-22 19:10:30','2011-12-07 06:37:17'),(94,'Thelma','Considine','nlarkin@example.net','01912574123','2011-08-05 03:52:39','2020-08-26 22:41:06'),(95,'Jakayla','Heidenreich','padberg.pasquale@example.org','(430)125-0518x63160','2002-01-13 05:17:47','2020-08-26 22:41:06'),(96,'Green','Gutmann','rogelio18@example.net','016.351.3926','2015-08-23 08:58:39','2020-08-26 22:41:06'),(97,'Gino','Stiedemann','valtenwerth@example.net','00074498396','1977-05-24 23:19:10','1986-03-02 05:33:41'),(98,'Ibrahim','Bartell','giles10@example.com','1-290-164-3113x563','1991-08-17 12:30:54','1991-11-01 12:06:07'),(99,'August','Kilback','schaden.lydia@example.org','684-491-9320x891','1974-03-22 00:22:40','2012-07-23 22:50:00'),(100,'Orpha','Runte','witting.pat@example.com','788-735-5454','1999-01-08 20:43:12','2016-01-02 09:40:35');
/*!40000 ALTER TABLE `users` ENABLE KEYS */;
UNLOCK TABLES;
/*!40103 SET TIME_ZONE=@OLD_TIME_ZONE */;

/*!40101 SET SQL_MODE=@OLD_SQL_MODE */;
/*!40014 SET FOREIGN_KEY_CHECKS=@OLD_FOREIGN_KEY_CHECKS */;
/*!40014 SET UNIQUE_CHECKS=@OLD_UNIQUE_CHECKS */;
/*!40101 SET CHARACTER_SET_CLIENT=@OLD_CHARACTER_SET_CLIENT */;
/*!40101 SET CHARACTER_SET_RESULTS=@OLD_CHARACTER_SET_RESULTS */;
/*!40101 SET COLLATION_CONNECTION=@OLD_COLLATION_CONNECTION */;
/*!40111 SET SQL_NOTES=@OLD_SQL_NOTES */;

-- Dump completed on 2020-08-27 15:20:31
